SpeciesID,Position,System,NodeID,StageID,Stage,SpeciesID.StageID,WorkingName,OrganismalGroup,NodeType,Resolution,ResolutionNotes,Feeding,Lifestyle(stage),Lifestyle(species),ConsumerStrategy(stage),HabitatAffiliation,Mobility,Residency,NativeStatus,BodySize(g),BodySizeSD,BodySizeN,BodySizeEstimation,BodySizeNotes,Abundance(no./ha),Abundance95%CL,AbundanceDF,Biomass(kg/ha),Biomass95%CL,BiomassDF,BiomassEstimation,BiomassNotes,Kingdom,Phylum,Subphylum,Superclass,Class,Subclass,Order,Suborder,Infraorder,Superfamily,Family,Genus,SpecificEpithet,NodeNotes,Organismal Group,Wave Attenuation,Shoreline Stabilization,Water Filtration,Carbon Sequestration,WaveAttenuation.New,ShorelineStabilization.New,WaterFiltration.New,CarbonSequestration.New
4,4,BSQ,4,1,adult,4.1,Saltwort,vascular plant,taxon,Species,NA,autotroph,free-living,free-living,autotroph,NA,low,resident,NA,NA,NA,NA,NA,NA,NA,NA,NA,7319.3333,NA,NA,"quantification, estuary-wide sampling",Kuris et al. (2008),Plantae,NA,NA,NA,Angiospermae,NA,NA,NA,NA,NA,Bataceae,Batis,maritima,NA,vascular plant,1,1,1,1,1,1,1,1
6,5,BSQ,6,1,adult,6.1,epipellic flora,microphytobenthos,taxon,assemblage,aggregated diverse assemblage of diatoms and cyanobacteria,autotroph,free-living,free-living,autotroph,NA,low,resident,NA,NA,NA,NA,NA,NA,NA,NA,NA,771.63,NA,NA,extrapolation from other estuary,extrapolated from csm,NA,NA,NA,NA,NA,NA,NA,NA,NA,NA,NA,NA,NA,NA,microphytobenthos,0,1,1,1,0,1,1,1
7,6,BSQ,7,1,adult,7.1,Alkali Heath,vascular plant,taxon,Species,NA,autotroph,free-living,free-living,autotroph,NA,low,resident,NA,NA,NA,NA,NA,NA,NA,NA,NA,595.33333,NA,NA,"quantification, estuary-wide sampling",Kuris et al. (2008),Plantae,NA,NA,NA,Angiospermae,NA,NA,NA,NA,NA,Frankeneaceae,Frankenia,salina,NA,vascular plant,1,1,1,1,1,1,1,1
8,7,BSQ,8,1,adult,8.1,Fleshy Jaumea,vascular plant,taxon,Species,NA,autotroph,free-living,free-living,autotroph,NA,low,resident,NA,NA,NA,NA,NA,NA,NA,NA,NA,929.33333,NA,NA,"quantification, estuary-wide sampling",Kuris et al. (2008),Plantae,NA,NA,NA,Angiospermae,NA,NA,NA,NA,NA,Asteraceae,Jaumea,carnosa,NA,vascular plant,1,1,1,1,1,1,1,1
10,8,BSQ,10,1,adult,10.1,macroalgae,macroalgae,taxon,assemblage,"mostly the chlorophytes, Enteromorpha and Ulva",autotroph,free-living,free-living,autotroph,NA,low,resident,NA,NA,NA,NA,NA,NA,NA,NA,NA,794.15758,NA,NA,"approximation, quantified ratio",abundance in point count transects relative to Jaumaea carnosa X Jc biomass X 0.10,Plantae,NA,NA,NA,NA,NA,NA,NA,NA,NA,NA,NA,NA,NA,macroalgae,0,0,1,1,0,0,1,1
11,9,BSQ,11,1,adult,11.1,Shore Grass,vascular plant,taxon,Species,NA,autotroph,free-living,free-living,autotroph,NA,low,resident,NA,NA,NA,NA,NA,NA,NA,NA,NA,848,NA,NA,"quantification, estuary-wide sampling",Kuris et al. (2008),Plantae,NA,NA,NA,Angiospermae,NA,NA,NA,NA,NA,Poaceae,Monanthocloe,littoralis,NA,vascular plant,1,1,1,1,1,1,1,1
12,10,BSQ,12,1,adult,12.1,phytoplankton,vascular plant,taxon,assemblage,NA,autotroph,free-living,free-living,autotroph,NA,low,resident,NA,NA,NA,NA,NA,NA,NA,NA,NA,3155.9376,NA,NA,extrapolation from other estuary,densities from epb,Plantae,NA,NA,NA,NA,NA,NA,NA,NA,NA,NA,NA,NA,NA,vascular plant,0,1,1,1,0,1,1,1
14,11,BSQ,14,1,adult,14.1,Annual Pickleweed,vascular plant,taxon,Species,NA,autotroph,free-living,free-living,autotroph,NA,low,resident,NA,NA,NA,NA,NA,NA,NA,NA,NA,4074.6667,NA,NA,"quantification, estuary-wide sampling",Kuris et al. (2008),Plantae,NA,NA,NA,Angiospermae,NA,NA,NA,NA,NA,Chenopodiaceae,Salicornia,biglovii,NA,vascular plant,1,1,1,1,1,1,1,1
15,12,BSQ,15,1,adult,15.1,Parish's Pickleweed,vascular plant,taxon,Species,NA,autotroph,free-living,free-living,autotroph,NA,low,resident,NA,NA,NA,NA,NA,NA,NA,NA,NA,21.333333,NA,NA,"quantification, estuary-wide sampling",Kuris et al. (2008),Plantae,NA,NA,NA,Angiospermae,NA,NA,NA,NA,NA,Chenopodiaceae,Salicornia,subterminalis,NA,vascular plant,1,1,1,1,1,1,1,1
16,13,BSQ,16,1,adult,16.1,Pickleweed,vascular plant,taxon,Species,NA,autotroph,free-living,free-living,autotroph,NA,low,resident,NA,NA,NA,NA,NA,NA,NA,NA,NA,10011.333,NA,NA,"quantification, estuary-wide sampling",Kuris et al. (2008),Plantae,NA,NA,NA,Angiospermae,NA,NA,NA,NA,NA,Chenopodiaceae,Salicornia,virginica,NA,vascular plant,1,1,1,1,1,1,1,1
17,14,BSQ,17,1,adult,17.1,California Cordgrass,vascular plant,taxon,Species,NA,autotroph,free-living,free-living,autotroph,NA,low,resident,NA,NA,NA,NA,NA,NA,NA,NA,NA,1708.6667,NA,NA,"quantification, estuary-wide sampling",Kuris et al. (2008),Plantae,NA,NA,NA,Angiospermae,NA,NA,NA,NA,NA,Poaceae,Spartina,foliosa,NA,vascular plant,1,1,1,1,1,1,1,1
18,15,BSQ,18,1,adult,18.1,Suaeda,vascular plant,taxon,Genus,NA,autotroph,free-living,free-living,autotroph,NA,low,resident,NA,NA,NA,NA,NA,NA,NA,NA,NA,2336,NA,NA,"quantification, estuary-wide sampling",Kuris et al. (2008),Plantae,NA,NA,NA,Angiospermae,NA,NA,NA,NA,NA,Chenopodiaceae,Suaeda,spp.,NA,vascular plant,1,1,1,1,1,1,1,1
19,16,BSQ,19,1,adult,19.1,Arrowgrass,vascular plant,taxon,Species,NA,autotroph,free-living,free-living,autotroph,NA,low,resident,NA,NA,NA,NA,NA,NA,NA,NA,NA,27.333333,NA,NA,"quantification, estuary-wide sampling",Kuris et al. (2008),Plantae,NA,NA,NA,Angiospermae,NA,NA,NA,NA,NA,Juncaginaceae,Triglochin,concinnum,NA,vascular plant,-1,-1,1,1,0,0,1,1
20,17,BSQ,20,1,adult,20.1,Eelgrass,vascular plant,taxon,Species,NA,autotroph,free-living,free-living,autotroph,NA,low,resident,NA,NA,NA,NA,NA,NA,NA,NA,NA,813.33333,NA,NA,"quantification, estuary-wide sampling",Kuris et al. (2008),Plantae,NA,NA,NA,Angiospermae,NA,NA,NA,NA,NA,Zosteraceae,Zostera,marina,NA,vascular plant,1,1,1,1,1,1,1,1
21,18,BSQ,21,1,adult,21.1,foraminiferan,protist,taxon,Species,NA,feeding,free-living,free-living,predator,NA,low,resident,NA,2.43E-05,NA,10,species,volumetric,NA,NA,NA,0.2954648,NA,NA,extrapolation from other estuary,"CSM plankton cores, adjusted for habitat area",Protozoa,Foraminifera,NA,NA,NA,NA,NA,NA,NA,NA,NA,NA,NA,in plankton samples,protist,0,0,0,1,0,0,0,1
24,19,BSQ,24,1,adult,24.1,annelid unknown (green saccate thin skin),annelid,life stage,Species,NA,feeding,free-living,free-living,predator,NA,low,resident,NA,0.00911533,0.00373656,4,population,individuals encountered during the random sampling described in Kuris et al. (2008),34391.62,81323.2643,7,0.3134911,0.74128855,7,"quantification, estuary-wide sampling",Kuris et al. (2008),Animalia,Annelida,NA,NA,Polychaeta,NA,NA,NA,NA,NA,NA,NA,NA,NA,annelid,0,0,0,1,0,0,0,1
25,20,BSQ,25,1,adult,25.1,Capitella capitata,annelid,life stage,Species,NA,feeding,free-living,free-living,detritivore,NA,low,resident,NA,0.00361251,0.00171603,4,population,individuals encountered during the random sampling described in Kuris et al. (2008),34391.62,81323.2643,7,0.12424,0.29378088,7,"quantification, estuary-wide sampling",Kuris et al. (2008),Animalia,Annelida,NA,NA,Polychaeta,NA,NA,NA,NA,NA,Capitellidae,Capitella,capitata,NA,annelid,0,0,0,1,0,0,0,1
26,21,BSQ,51,2,larva,26.2,capitellid?,annelid,life stage,Species,NA,feeding,free-living,free-living,predator,NA,high,resident,NA,3.37E-05,NA,10,approximation,estimated volumetrically from a CSM plankton sample,NA,NA,NA,0.0004745,NA,NA,extrapolation and quantified apportionment,apportioned polychaete larvae and bivalve larvae biomass (quantified in csm plankton cores) to spp based on their adult/juvy proportional biomass abundances in the 3 estuaries),Animalia,Annelida,NA,NA,Polychaeta,NA,NA,NA,NA,NA,NA,NA,NA,NA,annelid,0,0,0,1,0,0,0,1
29,22,BSQ,54,2,larva,29.2,Cirriformia spirabrancha,annelid,life stage,Species,NA,nonfeeding,free-living,free-living,predator,NA,high,resident,NA,3.37E-05,NA,10,approximation,estimated volumetrically from a CSM plankton sample,NA,NA,NA,0.0168351,NA,NA,extrapolation and quantified apportionment,apportioned polychaete larvae and bivalve larvae biomass (quantified in csm plankton cores) to spp based on their adult/juvy proportional biomass abundances in the 3 estuaries),Animalia,Annelida,NA,NA,Polychaeta,NA,NA,NA,NA,NA,Cirratulidae,Cirriformia,spirabrancha,NA,annelid,0,0,0,1,0,0,0,1
34,23,BSQ,59,2,larva,34.2,"Neanthes ""arenaceodentata""",annelid,life stage,Species,NA,nonfeeding,free-living,free-living,predator,NA,high,resident,NA,3.37E-05,NA,10,approximation,estimated volumetrically from a CSM plankton sample,NA,NA,NA,0.0018909,NA,NA,extrapolation and quantified apportionment,apportioned polychaete larvae and bivalve larvae biomass (quantified in csm plankton cores) to spp based on their adult/juvy proportional biomass abundances in the 3 estuaries),Animalia,Annelida,NA,NA,Polychaeta,NA,NA,NA,NA,NA,Nereidae,Neanthes,arenaceodentata,NA,annelid,0,0,0,1,0,0,0,1
35,24,BSQ,35,1,adult,35.1,oligochaete,annelid,taxon,Class,NA,feeding,free-living,free-living,detritivore,NA,low,resident,NA,0.00114,NA,NA,approximation,"literature (size of Tubificoides denouxi, Shirley & Loden 1982)",NA,NA,NA,NA,NA,NA,NA,NA,Animalia,Annelida,NA,NA,Oligocheate,NA,NA,NA,NA,NA,NA,NA,NA,NA,annelid,0,0,0,0,0,0,0,0
36,25,BSQ,60,2,larva,36.2,brown hesionid,annelid,life stage,Species,NA,nonfeeding,free-living,free-living,predator,NA,high,resident,NA,3.37E-05,NA,10,approximation,estimated volumetrically from a CSM plankton sample,NA,NA,NA,0.0100831,NA,NA,extrapolation and quantified apportionment,apportioned polychaete larvae and bivalve larvae biomass (quantified in csm plankton cores) to spp based on their adult/juvy proportional biomass abundances in the 3 estuaries),Animalia,Annelida,NA,NA,Polychaeta,NA,NA,NA,NA,NA,Hesionidae,NA,NA,NA,annelid,0,0,0,1,0,0,0,1
37,26,BSQ,61,2,larva,37.2,poly unk (brwn setae ant third),annelid,life stage,Species,NA,feeding,free-living,free-living,predator,NA,high,resident,NA,3.37E-05,NA,10,approximation,estimated volumetrically from a CSM plankton sample,NA,NA,NA,0.0096288,NA,NA,extrapolation and quantified apportionment,apportioned polychaete larvae and bivalve larvae biomass (quantified in csm plankton cores) to spp based on their adult/juvy proportional biomass abundances in the 3 estuaries),Animalia,Annelida,NA,NA,Polychaeta,NA,NA,NA,NA,NA,NA,NA,NA,NA,annelid,0,0,0,1,0,0,0,1
38,27,BSQ,62,2,larva,38.2,"orbiniid, pointed prostomium",annelid,life stage,Species,NA,nonfeeding,free-living,free-living,predator,NA,high,resident,NA,3.37E-05,NA,10,approximation,estimated volumetrically from a CSM plankton sample,NA,NA,NA,7.08E-05,NA,NA,extrapolation and quantified apportionment,apportioned polychaete larvae and bivalve larvae biomass (quantified in csm plankton cores) to spp based on their adult/juvy proportional biomass abundances in the 3 estuaries),Animalia,Annelida,NA,NA,Polychaeta,NA,NA,NA,NA,NA,Orbiniidae,NA,NA,NA,annelid,0,0,0,1,0,0,0,1
39,28,BSQ,63,2,larva,39.2,Naineris,annelid,life stage,Species,NA,nonfeeding,free-living,free-living,predator,NA,high,resident,NA,3.37E-05,NA,10,approximation,estimated volumetrically from a CSM plankton sample,NA,NA,NA,0.0537854,NA,NA,extrapolation and quantified apportionment,apportioned polychaete larvae and bivalve larvae biomass (quantified in csm plankton cores) to spp based on their adult/juvy proportional biomass abundances in the 3 estuaries),Animalia,Annelida,NA,NA,Polychaeta,NA,NA,NA,NA,NA,Orbiniidae,Naineris,NA,NA,annelid,0,0,0,1,0,0,0,1
40,29,BSQ,64,2,larva,40.2,poly unk B (4 prost. tents),annelid,life stage,Species,NA,feeding,free-living,free-living,predator,NA,high,resident,NA,3.37E-05,NA,10,approximation,estimated volumetrically from a CSM plankton sample,NA,NA,NA,0.0002932,NA,NA,extrapolation and quantified apportionment,apportioned polychaete larvae and bivalve larvae biomass (quantified in csm plankton cores) to spp based on their adult/juvy proportional biomass abundances in the 3 estuaries),Animalia,Annelida,NA,NA,Polychaeta,NA,NA,NA,NA,NA,NA,NA,NA,NA,annelid,0,0,0,1,0,0,0,1
41,30,BSQ,65,2,larva,41.2,poly unk B (lg green),annelid,life stage,Species,NA,feeding,free-living,free-living,predator,NA,high,resident,NA,3.37E-05,NA,10,approximation,estimated volumetrically from a CSM plankton sample,NA,NA,NA,0.0005248,NA,NA,extrapolation and quantified apportionment,apportioned polychaete larvae and bivalve larvae biomass (quantified in csm plankton cores) to spp based on their adult/juvy proportional biomass abundances in the 3 estuaries),Animalia,Annelida,NA,NA,Polychaeta,NA,NA,NA,NA,NA,NA,NA,NA,NA,annelid,0,0,0,1,0,0,0,1
42,31,BSQ,66,2,larva,42.2,"poly unk(""fuzzy dorsum"")",annelid,life stage,Species,NA,feeding,free-living,free-living,predator,NA,high,resident,NA,3.37E-05,NA,10,approximation,estimated volumetrically from a CSM plankton sample,NA,NA,NA,0.0021945,NA,NA,extrapolation and quantified apportionment,apportioned polychaete larvae and bivalve larvae biomass (quantified in csm plankton cores) to spp based on their adult/juvy proportional biomass abundances in the 3 estuaries),Animalia,Annelida,NA,NA,Polychaeta,NA,NA,NA,NA,NA,NA,NA,NA,NA,annelid,0,0,0,1,0,0,0,1
43,32,BSQ,67,2,larva,43.2,Polydora sp.,annelid,life stage,Species,NA,feeding,free-living,free-living,predator,NA,high,resident,NA,3.37E-05,NA,10,approximation,estimated volumetrically from a CSM plankton sample,NA,NA,NA,0.0024609,NA,NA,extrapolation and quantified apportionment,apportioned polychaete larvae and bivalve larvae biomass (quantified in csm plankton cores) to spp based on their adult/juvy proportional biomass abundances in the 3 estuaries),Animalia,Annelida,NA,NA,Polychaeta,NA,NA,NA,NA,NA,Spionidae,Polydora,sp.,NA,annelid,0,0,0,1,0,0,0,1
45,33,BSQ,45,1,adult,45.1,spionid,annelid,life stage,Species,NA,feeding,free-living,free-living,predator,NA,low,resident,NA,0.00367856,0.00212751,2,population,individuals encountered during the random sampling described in Kuris et al. (2008),17195.81,40661.6322,7,0.0632558,0.1495761,7,"quantification, estuary-wide sampling",Kuris et al. (2008),Animalia,Annelida,NA,NA,Polychaeta,NA,NA,NA,NA,NA,Spionidae,NA,NA,NA,annelid,0,0,0,1,0,0,0,1
47,34,BSQ,71,1,adult,47.1,leech(glossiphonid),leech,taxon,Family,NA,feeding,free-living,free-living,micropredator,NA,NA,NA,NA,NA,NA,NA,NA,NA,NA,NA,NA,NA,NA,NA,NA,NA,Animalia,Annelida,NA,NA,Hirudinoidea,NA,NA,NA,NA,NA,Glossiphoniidae,NA,NA,NA,leech,0,0,0,0,0,0,0,0
48,35,BSQ,72,1,adult,48.1,anthozoan,anthozoan,taxon,Species,NA,feeding,free-living,free-living,predator,NA,low,resident,NA,0.00148,0.00039413,36,population,individuals encountered during the random sampling described in Kuris et al. (2008),230650.12,411699.482,4.00009102,0.2822231,0.58961184,4.0000689,"quantification, estuary-wide sampling",Kuris et al. (2008),Animalia,Cnidaria,NA,NA,Anthozoa,NA,NA,NA,NA,NA,NA,NA,NA,NA,anthozoan,0,0,0,1,0,0,0,1
53,36,BSQ,77,1,adult,53.1,nemertean,nemertean,taxon,Species,NA,feeding,free-living,free-living,predator,NA,low,resident,NA,0.00656563,0.00162093,2,population,individuals encountered during the random sampling described in Kuris et al. (2008),175931.02,307393.666,6.06591589,1.1870713,2.33907937,4.54038297,"quantification, estuary-wide sampling",Kuris et al. (2008),Animalia,Nemertea,NA,NA,NA,NA,NA,NA,NA,NA,NA,NA,NA,NA,nemertean,0,0,0,1,0,0,0,1
54,37,BSQ,78,1,adult,54.1,ophiuroid,ophiuroid,taxon,Species,NA,feeding,free-living,free-living,detritivore,NA,low,resident,NA,0.00104905,0.00014433,9,population,individuals encountered during the random sampling described in Kuris et al. (2008),77381.15,182977.345,7,0.0811769,0.19195292,7,"quantification, estuary-wide sampling",Kuris et al. (2008),Animalia,Echinodermata,NA,NA,Ophiuroidea,NA,NA,NA,NA,NA,NA,NA,NA,NA,ophiuroid,0,0,0,1,0,0,0,1
66,38,BSQ,90,1,adult,66.1,Blue Mussel,bivalve,life stage,Species,NA,feeding,free-living,free-living,predator,NA,low,resident,NA,NA,NA,NA,NA,NA,NA,NA,NA,NA,NA,NA,NA,NA,Animalia,Mollusca,NA,NA,Bivalvia,NA,NA,NA,NA,NA,Mytilidae,Mytilus,galloprovincialis,NA,bivalve,0,0,1,0,0,0,1,0
75,39,BSQ,115,1,adult,75.1,Acteocina inculta,snail,taxon,Species,NA,feeding,free-living,free-living,predator,NA,low,resident,NA,0.00564874,0.00206365,9,population,individuals encountered during the random sampling described in Kuris et al. (2008),497794.36,835219.142,4.12778938,2.9697476,4.51912685,5.01604108,"quantification, estuary-wide sampling",Kuris et al. (2008),Animalia,Mollusca,NA,NA,Gastropoda,NA,NA,NA,NA,NA,Scaphandridae,Acteocina,inculta,NA,snail,0,-1,0,1,0,0,0,1
76,40,BSQ,116,1,adult,76.1,California Assiminea,snail,taxon,Species,NA,feeding,free-living,free-living,detritivore,NA,low,resident,NA,0.00235182,0.00025167,5,population,individuals encountered during the random sampling described in Kuris et al. (2008),509568.07,1414787.76,4,1.1984132,3.32732855,4,"quantification, estuary-wide sampling",Kuris et al. (2008),Animalia,Mollusca,NA,NA,Gastropoda,NA,NA,NA,NA,NA,Assimineidae,Assiminea,californica,NA,snail,0,-1,0,1,0,0,0,1
77,41,BSQ,117,1,adult,77.1,Four-Threaded Bittium,snail,taxon,Species,NA,feeding,free-living,free-living,predator,NA,low,resident,NA,0.02180034,0.01776239,21,population,individuals encountered during the random sampling described in Kuris et al. (2008),442234.02,639135.951,4.38811805,9.3851919,13.9620632,4.18065274,"quantification, estuary-wide sampling",Kuris et al. (2008),Animalia,Mollusca,NA,NA,Gastropoda,NA,NA,NA,NA,NA,Cerithiidae,Bittium,quadrifilatum,NA,snail,0,-1,0,1,0,0,0,1
79,42,BSQ,119,1,adult,79.1,California Horn Snail,snail,taxon,Species,NA,feeding,free-living,free-living,predator,NA,low,resident,NA,0.84586523,0.40657919,2923,population,individuals encountered during the random sampling described in Kuris et al. (2008),561446.77,436201.856,4.1164892,568.8682,473.443486,4.03717218,"quantification, estuary-wide sampling",Kuris et al. (2008),Animalia,Mollusca,NA,NA,Gastropoda,NA,NA,NA,NA,NA,Potamididae,Cerithidea,californica,NA,snail,0,-1,0,1,0,0,0,1
82,43,BSQ,122,1,adult,82.1,Salt Marsh Snail,snail,taxon,Species,NA,feeding,free-living,free-living,detritivore,NA,low,resident,NA,0.59693018,0.14026375,26,population,individuals encountered during the random sampling described in Kuris et al. (2008),18348.09,25987.9714,4.00000009,10.605524,15.1458426,4.00000004,"quantification, estuary-wide sampling",Kuris et al. (2008),Animalia,Mollusca,NA,NA,Gastropoda,NA,NA,NA,NA,NA,Ellobiidae,Melampus,olivaceus,NA,snail,0,-1,0,1,0,0,0,1
86,44,BSQ,126,1,adult,86.1,Black Salt Marsh Mosquito,mosquito,life stage,Species,NA,feeding,free-living,free-living,micropredator,NA,intermediate,resident,NA,0.0025,NA,NA,species,"literature (Koenraadt 2008) mass of congener, A. aegypti",NA,NA,NA,NA,NA,NA,NA,NA,Animalia,Arthropoda,Hexapoda,NA,NA,NA,Diptera,NA,NA,NA,Culicidae,Aedes,taeniorhynchus,NA,mosquito,0,0,0,0,0,0,0,0
88,45,BSQ,128,1,adult,88.1,Coleopteran,beetle,taxon,Species,NA,feeding,free-living,free-living,detritivore,NA,low,resident,NA,0.00124115,7.39E-05,2,population,individuals encountered during the random sampling described in Kuris et al. (2008),203827.23,565915.106,4,0.2529801,0.70238529,4,"quantification, estuary-wide sampling",Kuris et al. (2008),Animalia,Arthropoda,Hexapoda,NA,NA,NA,Coleoptera,NA,NA,NA,NA,NA,NA,NA,beetle,0,0,0,1,0,0,0,1
89,46,BSQ,129,1,adult,89.1,corophiid?,amphipod,taxon,Species,NA,feeding,free-living,free-living,detritivore,NA,low,resident,NA,0.00120054,0.00090034,12,population,individuals encountered during the random sampling described in Kuris et al. (2008),888208.86,2466063.15,4,1.0663345,2.96061928,4,"quantification, estuary-wide sampling",Kuris et al. (2008),Animalia,Arthropoda,Crustacea,NA,Malacostraca,NA,Amphipoda,NA,NA,NA,Corophiidae,NA,NA,NA,amphipod,0,0,0,1,0,0,0,1
90,47,BSQ,130,1,adult,90.1,Western Encephalitis Mosquito,mosquito,life stage,Species,NA,feeding,free-living,free-living,micropredator,NA,intermediate,resident,NA,0.00217,NA,NA,species,literature (Gray & Bradley 2003),NA,NA,NA,NA,NA,NA,NA,NA,Animalia,Arthropoda,Hexapoda,NA,NA,NA,Diptera,NA,NA,NA,Culicidae,Culex,tarsalis,NA,mosquito,0,0,0,0,0,0,0,0
91,48,BSQ,131,1,adult,91.1,cumacean,cumacean,taxon,Species,NA,feeding,free-living,free-living,predator,NA,low,resident,NA,0.00273967,0.00154318,2,population,individuals encountered during the random sampling described in Kuris et al. (2008),148034.81,411010.525,4,0.4055668,1.12603392,4,"quantification, estuary-wide sampling",Kuris et al. (2008),Animalia,Arthropoda,Crustacea,NA,Malacostraca,NA,Cumacea,NA,NA,NA,NA,NA,NA,NA,cumacean,0,0,0,1,0,0,0,1
92,49,BSQ,132,1,adult,92.1,cyclopoid copepod,copepod,taxon,Order,NA,feeding,free-living,free-living,predator,NA,low,resident,NA,8.28E-06,NA,NA,species,set equal to body size of those at csm,NA,NA,NA,0.050791,NA,NA,extrapolation from other estuary,"CSM plankton cores, adjusted for habitat area",Animalia,Arthropoda,Crustacea,NA,Copepoda,NA,Cyclopoida,NA,NA,NA,NA,NA,NA,NA,copepod,0,0,0,1,0,0,0,1
94,50,BSQ,154,2,larva,94.2,Ephydra,dipteran,life stage,Species,NA,feeding,free-living,free-living,predator,NA,low,resident,NA,0.0449813,NA,NA,species,applied CSM body size,212425.13,347365.851,4.00018009,1.2139594,2.14213726,4,"quantification, estuary-wide sampling",Kuris et al. (2008),Animalia,Arthropoda,Hexapoda,NA,NA,NA,Diptera,NA,NA,NA,Ephydridae,NA,NA,NA,dipteran,0,0,0,1,0,0,0,1
96,51,BSQ,136,1,adult,96.1,gammaridean (red eye),amphipod,taxon,Species,NA,feeding,free-living,free-living,predator,NA,low,resident,NA,0.00501479,0.00545836,16,population,individuals encountered during the random sampling described in Kuris et al. (2008),1323759.53,1694674.44,7.95740207,6.6302343,9.70231994,6.72285102,"quantification, estuary-wide sampling",Kuris et al. (2008),Animalia,Arthropoda,Crustacea,NA,Malacostraca,NA,Amphipoda,Gammaridea,NA,NA,NA,NA,NA,NA,amphipod,0,0,0,1,0,0,0,1
97,52,BSQ,137,1,adult,97.1,gammaridean (red striped antennae),amphipod,taxon,Species,NA,feeding,free-living,free-living,predator,NA,low,resident,NA,0.00245777,0.00252406,12,population,individuals encountered during the random sampling described in Kuris et al. (2008),888208.86,1992447.45,4,2.1830154,3.73725069,4,"quantification, estuary-wide sampling",Kuris et al. (2008),Animalia,Arthropoda,Crustacea,NA,Malacostraca,NA,Amphipoda,Gammaridea,NA,NA,NA,NA,NA,NA,amphipod,0,0,0,1,0,0,0,1
98,53,BSQ,138,1,adult,98.1,gammaridean A (BSQc3),amphipod,taxon,Species,NA,feeding,free-living,free-living,predator,NA,low,resident,NA,0.00726686,NA,1,population,individuals encountered during the random sampling described in Kuris et al. (2008),809189.4,20330.8161,7,3.593822,0.14774122,7,"quantification, estuary-wide sampling",Kuris et al. (2008),Animalia,Arthropoda,Crustacea,NA,Malacostraca,NA,Amphipoda,Gammaridea,NA,NA,NA,NA,NA,NA,amphipod,0,0,0,1,0,0,0,1
100,54,BSQ,140,1,adult,100.1,harpacticoid,copepod,taxon,Order,NA,feeding,free-living,free-living,predator,NA,low,resident,NA,5.17E-06,NA,NA,approximation,approximated to copepod.thalassinidean,NA,NA,NA,0.2853421,NA,NA,extrapolation from other estuary,"CSM plankton cores, adjusted for habitat area",Animalia,Arthropoda,Crustacea,NA,Copepoda,NA,Harpacticoida,NA,NA,NA,NA,NA,NA,NA,copepod,0,0,0,1,0,0,0,1
101,55,BSQ,141,1,adult,101.1,Nebalia sp.,leptostracan,taxon,Species,NA,feeding,free-living,free-living,predator,NA,low,resident,NA,0.00542375,0.00267672,27,population,individuals encountered during the random sampling described in Kuris et al. (2008),1213435.95,2354848.62,4.00083247,6.0651289,12.650399,4.00188114,"quantification, estuary-wide sampling",Kuris et al. (2008),Animalia,Arthropoda,Crustacea,NA,Malacostraca,NA,Leptostraca,NA,NA,NA,NA,Nebalia,sp.,NA,leptostracan,0,0,0,1,0,0,0,1
103,56,BSQ,143,1,adult,103.1,ostracod,ostracod,taxon,Species,NA,feeding,free-living,free-living,predator,NA,low,resident,NA,3.22E-05,1.36E-05,7,population,individuals encountered during the random sampling described in Kuris et al. (2008),518121.84,895776.672,4,0.0166929,0.0285947,4,"quantification, estuary-wide sampling",Kuris et al. (2008),Animalia,Arthropoda,Crustacea,NA,Ostracoda,NA,NA,NA,NA,NA,NA,NA,NA,NA,ostracod,0,0,0,1,0,0,0,1
104,57,BSQ,144,1,adult,104.1,ostracod-planktonic,ostracod,taxon,Class,NA,feeding,free-living,free-living,predator,NA,low,resident,NA,3.61E-05,NA,NA,species,set equal to body size of those at csm,NA,NA,NA,0.2437971,NA,NA,extrapolation from other estuary,"CSM plankton cores, adjusted for habitat area",Animalia,Arthropoda,Crustacea,NA,Ostracoda,NA,NA,NA,NA,NA,NA,NA,NA,NA,ostracod,0,0,0,1,0,0,0,1
105,58,BSQ,145,1,adult,105.1,Paracerceis sp.,isopod,taxon,Species,NA,feeding,free-living,free-living,predator,NA,low,resident,NA,0.00271741,0.00289729,9,population,individuals encountered during the random sampling described in Kuris et al. (2008),339059.15,830350.415,4.00355588,1.2246235,3.19352058,4.00016178,"quantification, estuary-wide sampling",Kuris et al. (2008),Animalia,Arthropoda,Crustacea,NA,Malacostraca,NA,Isopoda,NA,NA,NA,NA,Paracerceis,sp.,NA,isopod,0,0,0,1,0,0,0,1
107,59,BSQ,147,1,adult,107.1,staphylinid,beetle,taxon,Species,NA,feeding,free-living,free-living,predator,NA,low,resident,NA,0.00437988,0.00195152,4,population,individuals encountered during the random sampling described in Kuris et al. (2008),18772.86,40831.1057,7.00098888,0.0858238,0.18810164,7.00064876,"quantification, estuary-wide sampling",Kuris et al. (2008),Animalia,Arthropoda,Hexapoda,NA,NA,NA,Coleoptera,NA,NA,NA,Staphylinidae,NA,NA,NA,beetle,0,0,0,1,0,0,0,1
108,60,BSQ,148,1,adult,108.1,tanaidacean,tanaidacean,taxon,Species,NA,feeding,free-living,free-living,detritivore,NA,low,resident,NA,0.00062244,NA,1,population,individuals encountered during the random sampling described in Kuris et al. (2008),74017.41,205505.263,4,0.0460711,0.12791382,4,"quantification, estuary-wide sampling",Kuris et al. (2008),Animalia,Arthropoda,Crustacea,NA,Malacostraca,NA,Tanaidacea,NA,NA,NA,NA,NA,NA,NA,tanaidacean,0,0,0,1,0,0,0,1
109,61,BSQ,149,1,adult,109.1,Salt Marsh Hopper,amphipod,taxon,Species,NA,feeding,free-living,free-living,detritivore,NA,low,resident,NA,0.00360519,0.00320614,9,population,individuals encountered during the random sampling described in Kuris et al. (2008),917222.52,1697745.32,4,3.3067643,5.94149537,4,"quantification, estuary-wide sampling",Kuris et al. (2008),Animalia,Arthropoda,Crustacea,NA,Malacostraca,NA,Amphipoda,NA,NA,NA,Talitridae,Traskorchestia,traskiana,NA,amphipod,0,0,0,1,0,0,0,1
110,62,BSQ,150,1,adult,110.1,Salt Marsh Water Boatman,water boatman,taxon,Species,NA,feeding,free-living,free-living,predator,NA,low,resident,NA,0.00360519,NA,NA,approximation,approximated to Traskorchestia traskiana,NA,NA,NA,0.8436648,NA,NA,biomass vs. body size relationship,known biomass v. body size relationship across species (Hechinger et al. in prep)),Animalia,Arthropoda,Hexapoda,NA,NA,NA,Hemiptera,NA,NA,NA,Corixidae,Trichocorixia,sp.,NA,water boatman,0,0,0,1,0,0,0,1
111,63,BSQ,157,1,adult,111.1,Calfornia Ghost Shrimp,burrowing shrimp,taxon,Species,NA,feeding,free-living,free-living,predator,NA,low,resident,NA,1.78292219,NA,1,population,individuals encountered during the random sampling described in Kuris et al. (2008),4950.21,13743.9825,4,8.8258368,24.5044514,4,"quantification, estuary-wide sampling",Kuris et al. (2008),Animalia,Arthropoda,Crustacea,NA,Malacostraca,NA,Decapoda,NA,NA,NA,Callianassidae,Neotrypaea,californiensis,NA,burrowing shrimp,0,-1,0,1,0,0,0,1
114,64,BSQ,160,1,adult,114.1,Striped Shore Crab,crab,taxon,Species,NA,feeding,free-living,free-living,predator,NA,low,resident,NA,5.14253495,5.02365786,200,population,individuals encountered during the random sampling described in Kuris et al. (2008),30727.71,48369.3182,4.00003669,143.72957,226.575959,4.00007617,"quantification, estuary-wide sampling",Kuris et al. (2008),Animalia,Arthropoda,Crustacea,NA,Malacostraca,NA,Decapoda,NA,NA,NA,Grapsidae,Pachygrapsus,crassipes,NA,crab,0,-1,0,1,0,0,0,1
118,65,BSQ,164,1,adult,118.1,Topsmelt,fish,taxon,Species,NA,feeding,free-living,free-living,predator,NA,high,resident,NA,4.32415193,1.62949591,12,population,individuals encountered during the random sampling described in Kuris et al. (2008),1223.52,1531.04089,4.17973193,5.0419562,12.7319397,4.00000291,"quantification, estuary-wide sampling",Kuris et al. (2008),Animalia,Chordata,Vertebrata,NA,Osteichthyes,NA,Atheriniformes,NA,NA,NA,Atherinopsidae,Atherinops,affinis,NA,fish,0,0,0,1,0,0,0,1
119,66,BSQ,165,1,adult,119.1,Arrow Goby,fish,taxon,Species,NA,feeding,free-living,free-living,predator,NA,low,resident,NA,0.42451003,NA,1,population,individuals encountered during the random sampling described in Kuris et al. (2008),132.08,262.827042,4,0.0560682,0.13044182,4,"quantification, estuary-wide sampling",Kuris et al. (2008),Animalia,Chordata,Vertebrata,NA,Osteichthyes,NA,Perciformes,NA,NA,NA,Gobiidae,Clevelandia,ios,NA,fish,0,0,0,1,0,0,0,1
121,67,BSQ,167,1,adult,121.1,California Killifish,fish,taxon,Species,NA,feeding,free-living,free-living,predator,NA,high,resident,NA,5.18153608,17.5975622,14,population,individuals encountered during the random sampling described in Kuris et al. (2008),4208.21,6084.92721,4.00039866,21.266497,33.706846,4.00042567,"quantification, estuary-wide sampling",Kuris et al. (2008),Animalia,Chordata,Vertebrata,NA,Osteichthyes,NA,Cyprinodontiformes,NA,NA,NA,Fundulidae,Fundulus,parvipinnis,NA,fish,0,0,0,1,0,0,0,1
122,68,BSQ,168,1,adult,122.1,Long-jawed Mudsucker,fish,taxon,Species,NA,feeding,free-living,free-living,predator,NA,low,resident,NA,14.6745179,11.2546863,7,population,individuals encountered during the random sampling described in Kuris et al. (2008),72.8,68.8604635,7,1.0703675,1.12204057,7,"quantification, estuary-wide sampling",Kuris et al. (2008),Animalia,Chordata,Vertebrata,NA,Osteichthyes,NA,Perciformes,NA,NA,NA,Gobiidae,Gillichthys,mirabilis,NA,fish,0,0,0,1,0,0,0,1
125,69,BSQ,171,1,adult,125.1,Diamond Turbot,fish,taxon,Species,NA,feeding,free-living,free-living,predator,NA,intermediate,resident,NA,9.4766825,129.282907,3,population,individuals encountered during the random sampling described in Kuris et al. (2008),102.22,171.90803,4.00000135,0.9518263,2.03864704,4.00000404,"quantification, estuary-wide sampling",Kuris et al. (2008),Animalia,Chordata,Vertebrata,NA,Osteichthyes,NA,Pleuronectiformes,NA,NA,NA,Plueronectidae,Hypsopsetta,guttulata,NA,fish,0,0,0,1,0,0,0,1
128,70,BSQ,174,1,adult,128.1,Mullet,fish,taxon,Species,NA,feeding,free-living,free-living,predator,NA,intermediate,resident,NA,125.615614,171.393108,4,population,individuals encountered during the random sampling described in Kuris et al. (2008),9.57,8.89123657,7,1.201841,2.58561466,7,"quantification, estuary-wide sampling",Kuris et al. (2008),Animalia,Chordata,Vertebrata,NA,Osteichthyes,NA,Mugiliformes,NA,NA,NA,Mugilidae,Mugil,cephalus,NA,fish,0,0,0,1,0,0,0,1
130,71,BSQ,176,1,adult,130.1,Sicklefin Smoothhound,elasmobranch,taxon,Species,NA,feeding,free-living,free-living,predator,NA,high,resident,NA,1256.2238,NA,NA,species,applied L to W regressions (FishBase) to estimates on general L of species in estuaries,NA,NA,NA,0.0764221,NA,NA,"quantification, limited sampling",body weight multiplied by abundance estimates from Rosales Casi‡n (1997),Animalia,Chordata,Vertebrata,NA,Chondrichthyes,NA,Carcharhiniformes,NA,NA,NA,Triakidae,Mustelus,lunulatus,NA,elasmobranch,0,0,0,1,0,0,0,1
131,72,BSQ,177,1,adult,131.1,California Bat Ray,elasmobranch,taxon,Species,NA,feeding,free-living,free-living,predator,NA,high,resident,NA,353.273946,NA,NA,species,applied L to W regressions (FishBase) to estimates on general L of species in estuaries,NA,NA,NA,0.0859654,NA,NA,"quantification, limited sampling",body weight multiplied by abundance estimates from Rosales Casi‡n (1997),Animalia,Chordata,Vertebrata,NA,Chondrichthyes,NA,Rajiformes,NA,NA,NA,Myliobatidae,Myliobatis,californica,NA,elasmobranch,0,0,0,1,0,0,0,1
134,73,BSQ,180,1,adult,134.1,Thornback Ray,elasmobranch,taxon,Species,NA,feeding,free-living,free-living,predator,NA,high,resident,NA,434.268491,NA,NA,species,applied L to W regressions (FishBase) to estimates on general L of species in estuaries,NA,NA,NA,0.4226982,NA,NA,"quantification, limited sampling",body weight multiplied by abundance estimates from Rosales Casi‡n (1997),Animalia,Chordata,Vertebrata,NA,Chondrichthyes,NA,Rajiformes,NA,NA,NA,Rhinobatidae,Platyrhinoidis,triseriata,NA,elasmobranch,0,0,0,1,0,0,0,1
136,74,BSQ,182,1,adult,136.1,Shadow Goby,fish,taxon,Species,NA,feeding,free-living,free-living,predator,NA,low,resident,NA,1.39482988,1.15765876,4,population,individuals encountered during the random sampling described in Kuris et al. (2008),1700.09,2110.93717,4,2.3713325,2.59060423,4,"quantification, estuary-wide sampling",Kuris et al. (2008),Animalia,Chordata,Vertebrata,NA,Osteichthyes,NA,Perciformes,NA,NA,NA,Gobiidae,Quietula,y-cauda,NA,fish,0,0,0,1,0,0,0,1
137,75,BSQ,183,1,adult,137.1,Shovelnose Guitarfish,elasmobranch,taxon,Species,NA,feeding,free-living,free-living,predator,NA,high,resident,NA,2048,NA,NA,species,applied L to W regressions (FishBase) to estimates on general L of species in estuaries,NA,NA,NA,0.373769,NA,NA,"quantification, limited sampling",body weight multiplied by abundance estimates from Rosales Casi‡n (1997),Animalia,Chordata,Vertebrata,NA,Chondrichthyes,NA,Rajiformes,NA,NA,NA,Rhinobatidae,Rhinobatos,productus,NA,elasmobranch,0,0,0,1,0,0,0,1
138,76,BSQ,184,1,adult,138.1,Pipefish,fish,taxon,Species,NA,feeding,free-living,free-living,predator,NA,low,resident,NA,0.53749645,0.86581496,4,population,individuals encountered during the random sampling described in Kuris et al. (2008),111.8,154.849562,10.5452091,0.0565924,0.09012922,6.17980982,"quantification, estuary-wide sampling",Kuris et al. (2008),Animalia,Chordata,Vertebrata,NA,Osteichthyes,NA,Syngnathiformes,NA,NA,NA,Syngnathidae,Syngnathus,leptorhynchus,NA,fish,0,0,0,1,0,0,0,1
140,77,BSQ,186,1,adult,140.1,Haller's Round Ray,elasmobranch,taxon,Species,NA,feeding,free-living,free-living,predator,NA,high,resident,NA,467.2,NA,NA,species,applied L to W regressions (FishBase) to estimates on general L of species in estuaries,NA,NA,NA,1.2126727,NA,NA,"quantification, limited sampling",body weight multiplied by abundance estimates from Rosales Casi‡n (1997),Animalia,Chordata,Vertebrata,NA,Chondrichthyes,NA,Rajiformes,NA,NA,NA,Urolophidae,Urolophus,halleri,NA,elasmobranch,0,0,0,1,0,0,0,1
145,78,BSQ,191,1,adult,145.1,American Wigeon,bird,taxon,Species,NA,feeding,free-living,free-living,predator,NA,high,migrant,NA,780,NA,NA,species,"literature (generally the Birds of North America series (Poole & Gill, eds 1992-2003) or Sibley 2003)",0.01,0.13764719,22,0.0107948,0.10736481,22,"quantification, estuary-wide sampling",Kuris et al. (2008),Animalia,Chordata,Vertebrata,NA,Aves,NA,Anseriformes,NA,NA,NA,Anatidae,Anas,americana,NA,bird,0,0,0,0,0,0,0,0
146,79,BSQ,192,1,adult,146.1,Black-bellied Plover,bird,taxon,Species,NA,feeding,free-living,free-living,predator,NA,high,migrant,NA,225.5,NA,NA,species,"literature (generally the Birds of North America series (Poole & Gill, eds 1992-2003) or Sibley 2003)",0.53,1.87452123,22,0.1192151,0.42270454,22,"quantification, estuary-wide sampling",Kuris et al. (2008),Animalia,Chordata,Vertebrata,NA,Aves,NA,Charadriiformes,NA,NA,NA,Chardridae,Pluvialis,squatarola,NA,bird,0,0,0,0,0,0,0,0
147,80,BSQ,193,1,adult,147.1,Black-crowned Night Heron,bird,taxon,Species,NA,feeding,free-living,free-living,predator,NA,high,migrant,NA,869.6,NA,NA,species,"literature (generally the Birds of North America series (Poole & Gill, eds 1992-2003) or Sibley 2003)",0.16,0.60485083,22,0.1371973,0.52597828,22,"quantification, estuary-wide sampling",Kuris et al. (2008),Animalia,Chordata,Vertebrata,NA,Aves,NA,Ciconiiformes,NA,NA,NA,Ardeidae,Nycticorax,nycticorax,NA,bird,0,0,0,0,0,0,0,0
148,81,BSQ,194,1,adult,148.1,Belted Kingfisher,bird,taxon,Species,NA,feeding,free-living,free-living,predator,NA,high,migrant,NA,147.6,NA,NA,species,"literature (generally the Birds of North America series (Poole & Gill, eds 1992-2003) or Sibley 2003)",0.01,0.06844717,22,0.0020427,0.0101028,22,"quantification, estuary-wide sampling",Kuris et al. (2008),Animalia,Chordata,Vertebrata,NA,Aves,NA,Coraciiformes,NA,NA,NA,Alcedinidae,Ceryle,alcyon,NA,bird,0,0,0,0,0,0,0,0
152,82,BSQ,198,1,adult,152.1,Brant,bird,taxon,Species,NA,feeding,free-living,free-living,predator,NA,high,migrant,NA,1457.5,NA,NA,species,"literature (generally the Birds of North America series (Poole & Gill, eds 1992-2003) or Sibley 2003)",1.4,10.2225482,22,2.0413165,14.899364,22,"quantification, estuary-wide sampling",Kuris et al. (2008),Animalia,Chordata,Vertebrata,NA,Aves,NA,Anseriformes,NA,NA,NA,Anatidae,Branta,bernicla,NA,bird,0,0,0,0,0,0,0,0
153,83,BSQ,199,1,adult,153.1,Brown Pelican,bird,taxon,Species,NA,feeding,free-living,free-living,predator,NA,high,migrant,NA,3057,NA,NA,species,"literature (generally the Birds of North America series (Poole & Gill, eds 1992-2003) or Sibley 2003)",NA,NA,NA,0.0211537,NA,NA,"quantification, estuary-wide sampling",Kuris et al. (2008); only present in summer,Animalia,Chordata,Vertebrata,NA,Aves,NA,Pelicaniformes,NA,NA,NA,Pelicanidae,Pelecanus,occidentalis,NA,bird,0,0,0,0,0,0,0,0
156,84,BSQ,202,1,adult,156.1,Cattle Egret,bird,taxon,Species,NA,feeding,free-living,free-living,predator,NA,high,migrant,NA,365.4,NA,NA,species,"literature (generally the Birds of North America series (Poole & Gill, eds 1992-2003) or Sibley 2003)",0,0.02752944,22,0.0010114,0.01005926,22,"quantification, estuary-wide sampling",Kuris et al. (2008),Animalia,Chordata,Vertebrata,NA,Aves,NA,Ciconiiformes,NA,NA,NA,Ardeidae,Bubulcus,ibis,NA,bird,0,0,0,0,0,0,0,0
157,85,BSQ,203,1,adult,157.1,California Gull,bird,taxon,Species,NA,feeding,free-living,free-living,predator,NA,high,migrant,NA,738,NA,NA,species,"literature (generally the Birds of North America series (Poole & Gill, eds 1992-2003) or Sibley 2003)",NA,NA,NA,NA,NA,NA,NA,NA,Animalia,Chordata,Vertebrata,NA,Aves,NA,Charadriiformes,NA,NA,NA,Laridae,Larus,californicus,NA,bird,0,0,0,0,0,0,0,0
158,86,BSQ,204,1,adult,158.1,Caspian Tern,bird,taxon,Species,NA,feeding,free-living,free-living,predator,NA,high,migrant,NA,655.5,NA,NA,species,"literature (generally the Birds of North America series (Poole & Gill, eds 1992-2003) or Sibley 2003)",0.01,0.04546337,22,0.0054431,0.02980124,22,"quantification, estuary-wide sampling",Kuris et al. (2008),Animalia,Chordata,Vertebrata,NA,Aves,NA,Charadriiformes,NA,NA,NA,Laridae,Sterna,caspia,NA,bird,0,0,0,0,0,0,0,0
160,87,BSQ,206,1,adult,160.1,Clapper Rail,bird,taxon,Species,NA,feeding,free-living,free-living,predator,NA,high,resident,NA,289.15,NA,NA,species,"literature (generally the Birds of North America series (Poole & Gill, eds 1992-2003) or Sibley 2003)",0.02,0.07140307,22,0.004802,0.0206462,22,"quantification, estuary-wide sampling",Kuris et al. (2008),Animalia,Chordata,Vertebrata,NA,Aves,NA,Gruiformes,NA,NA,NA,Rallidae,Rallus,longirostrus,NA,bird,0,0,0,0,0,0,0,0
162,88,BSQ,208,1,adult,162.1,Common Loon,bird,taxon,Species,NA,feeding,free-living,free-living,predator,NA,high,migrant,NA,4100,NA,NA,species,"literature (generally the Birds of North America series (Poole & Gill, eds 1992-2003) or Sibley 2003)",0,0.02752944,22,0.0113484,0.1128707,22,"quantification, estuary-wide sampling",Kuris et al. (2008),Animalia,Chordata,Vertebrata,NA,Aves,NA,Gaviidormes,NA,NA,NA,Gaviidae,Gavia,immer,NA,bird,0,0,0,0,0,0,0,0
163,89,BSQ,209,1,adult,163.1,Double-crested Cormorant,bird,taxon,Species,NA,feeding,free-living,free-living,predator,NA,high,resident,NA,2254.5,NA,NA,species,"literature (generally the Birds of North America series (Poole & Gill, eds 1992-2003) or Sibley 2003)",0.02,0.14590839,22,0.0436817,0.32895046,22,"quantification, estuary-wide sampling",Kuris et al. (2008),Animalia,Chordata,Vertebrata,NA,Aves,NA,Pelicaniformes,NA,NA,NA,Pelicanidae,Phalacrocorax,penicillatus,NA,bird,0,0,0,0,0,0,0,0
164,90,BSQ,210,1,adult,164.1,Dunlin,bird,taxon,Species,NA,feeding,free-living,free-living,predator,NA,high,migrant,NA,51.45,NA,NA,species,"literature (generally the Birds of North America series (Poole & Gill, eds 1992-2003) or Sibley 2003)",0.62,3.66173526,22,0.0317572,0.18839628,22,"quantification, estuary-wide sampling",Kuris et al. (2008),Animalia,Chordata,Vertebrata,NA,Aves,NA,Charadriiformes,NA,NA,NA,Scolopacidae,Calidris,alpina,NA,bird,0,0,0,0,0,0,0,0
165,91,BSQ,211,1,adult,165.1,Eared Grebe,bird,taxon,Species,NA,feeding,free-living,free-living,predator,NA,high,migrant,NA,397.5,NA,NA,species,"literature (generally the Birds of North America series (Poole & Gill, eds 1992-2003) or Sibley 2003)",0.01,0.0858604,22,0.004401,0.03412951,22,"quantification, estuary-wide sampling",Kuris et al. (2008),Animalia,Chordata,Vertebrata,NA,Aves,NA,Podicipediformes,NA,NA,NA,Podicipedidae,Podiceps,nigricollis,NA,bird,0,0,0,0,0,0,0,0
166,92,BSQ,212,1,adult,166.1,Elegant Tern,bird,taxon,Species,NA,feeding,free-living,free-living,predator,NA,high,migrant,NA,219,NA,NA,species,"literature (generally the Birds of North America series (Poole & Gill, eds 1992-2003) or Sibley 2003)",0.03,0.24818171,22,0.0066679,0.0543518,22,"quantification, estuary-wide sampling",Kuris et al. (2008),Animalia,Chordata,Vertebrata,NA,Aves,NA,Charadriiformes,NA,NA,NA,Laridae,Sterna,elegans,NA,bird,0,0,0,0,0,0,0,0
167,93,BSQ,213,1,adult,167.1,Forster's Tern,bird,taxon,Species,NA,feeding,free-living,free-living,predator,NA,high,migrant,NA,158,NA,NA,species,"literature (generally the Birds of North America series (Poole & Gill, eds 1992-2003) or Sibley 2003)",0.03,0.11167097,22,0.0048106,0.01764401,22,"quantification, estuary-wide sampling",Kuris et al. (2008),Animalia,Chordata,Vertebrata,NA,Aves,NA,Charadriiformes,NA,NA,NA,Laridae,Sterna,forsteri,NA,bird,0,0,0,0,0,0,0,0
168,94,BSQ,214,1,adult,168.1,Great Blue Heron,bird,taxon,Species,NA,feeding,free-living,free-living,predator,NA,high,migrant,NA,2400,NA,NA,species,"literature (generally the Birds of North America series (Poole & Gill, eds 1992-2003) or Sibley 2003)",0.07,0.18373803,22,0.1727173,0.44097127,22,"quantification, estuary-wide sampling",Kuris et al. (2008),Animalia,Chordata,Vertebrata,NA,Aves,NA,Ciconiiformes,NA,NA,NA,Ardeidae,Ardea,herodius,NA,bird,0,0,0,0,0,0,0,0
169,95,BSQ,215,1,adult,169.1,Great Egret,bird,taxon,Species,NA,feeding,free-living,free-living,predator,NA,high,migrant,NA,873.5,NA,NA,species,"literature (generally the Birds of North America series (Poole & Gill, eds 1992-2003) or Sibley 2003)",0.13,0.31846002,22,0.1112172,0.27817483,22,"quantification, estuary-wide sampling",Kuris et al. (2008),Animalia,Chordata,Vertebrata,NA,Aves,NA,Ciconiiformes,NA,NA,NA,Ardeidae,Egretta,alba,NA,bird,0,0,0,0,0,0,0,0
171,96,BSQ,217,1,adult,171.1,Greater Scaup,bird,taxon,Species,NA,feeding,free-living,free-living,predator,NA,high,migrant,NA,970,NA,NA,species,"literature (generally the Birds of North America series (Poole & Gill, eds 1992-2003) or Sibley 2003)",0.01,0.05505888,22,0.0053697,0.05340711,22,"quantification, estuary-wide sampling",Kuris et al. (2008),Animalia,Chordata,Vertebrata,NA,Aves,NA,Anseriformes,NA,NA,NA,Anatidae,Athya,marila,NA,bird,0,0,0,0,0,0,0,0
172,97,BSQ,218,1,adult,172.1,Greater Yellowlegs,bird,taxon,Species,NA,feeding,free-living,free-living,predator,NA,high,migrant,NA,165,NA,NA,species,"literature (generally the Birds of North America series (Poole & Gill, eds 1992-2003) or Sibley 2003)",0.05,0.17192129,22,0.0086774,0.02836701,22,"quantification, estuary-wide sampling",Kuris et al. (2008),Animalia,Chordata,Vertebrata,NA,Aves,NA,Charadriiformes,NA,NA,NA,Scolopacidae,Tringa,melanoleuca,NA,bird,0,0,0,0,0,0,0,0
175,98,BSQ,221,1,adult,175.1,Long-billed Curlew,bird,taxon,Species,NA,feeding,free-living,free-living,predator,NA,high,migrant,NA,754.5,NA,NA,species,"literature (generally the Birds of North America series (Poole & Gill, eds 1992-2003) or Sibley 2003)",0.14,0.35817136,22,0.1065076,0.27024029,22,"quantification, estuary-wide sampling",Kuris et al. (2008),Animalia,Chordata,Vertebrata,NA,Aves,NA,Charadriiformes,NA,NA,NA,Scolopacidae,Numenius,americanus,NA,bird,0,0,0,0,0,0,0,0
176,99,BSQ,222,1,adult,176.1,Long-billed Dowitcher,bird,taxon,Species,NA,feeding,free-living,free-living,predator,NA,high,migrant,NA,104.5,NA,NA,species,"literature (generally the Birds of North America series (Poole & Gill, eds 1992-2003) or Sibley 2003)",0.03,0.11136206,22,0.0028925,0.01163734,22,"quantification, estuary-wide sampling",Kuris et al. (2008),Animalia,Chordata,Vertebrata,NA,Aves,NA,Charadriiformes,NA,NA,NA,Scolopacidae,Limnodromus,scilopaceus,NA,bird,0,0,0,0,0,0,0,0
178,100,BSQ,224,1,adult,178.1,Least Sandpiper,bird,taxon,Species,NA,feeding,free-living,free-living,predator,NA,high,migrant,NA,20.9,NA,NA,species,"literature (generally the Birds of North America series (Poole & Gill, eds 1992-2003) or Sibley 2003)",1.7,3.71415625,22,0.0355194,0.07762587,22,"quantification, estuary-wide sampling",Kuris et al. (2008),Animalia,Chordata,Vertebrata,NA,Aves,NA,Charadriiformes,NA,NA,NA,Scolopacidae,Calidris,minutilla,NA,bird,0,0,0,0,0,0,0,0
179,101,BSQ,225,1,adult,179.1,Lesser Scaup,bird,taxon,Species,NA,feeding,free-living,free-living,predator,NA,high,migrant,NA,773.5,NA,NA,species,"literature (generally the Birds of North America series (Poole & Gill, eds 1992-2003) or Sibley 2003)",0.04,0.38541215,22,0.0299737,0.29811629,22,"quantification, estuary-wide sampling",Kuris et al. (2008),Animalia,Chordata,Vertebrata,NA,Aves,NA,Anseriformes,NA,NA,NA,Anatidae,Athya,affinis,NA,bird,0,0,0,0,0,0,0,0
181,102,BSQ,227,1,adult,181.1,Marbled Godwit,bird,taxon,Species,NA,feeding,free-living,free-living,predator,NA,high,migrant,NA,367.5,NA,NA,species,"literature (generally the Birds of North America series (Poole & Gill, eds 1992-2003) or Sibley 2003)",5.18,20.6221242,22,1.9052255,7.57863063,22,"quantification, estuary-wide sampling",Kuris et al. (2008),Animalia,Chordata,Vertebrata,NA,Aves,NA,Charadriiformes,NA,NA,NA,Scolopacidae,Limosa,fedoa,NA,bird,0,0,0,0,0,0,0,0
185,103,BSQ,231,1,adult,185.1,Northern Pintail,bird,taxon,Species,NA,feeding,free-living,free-living,predator,NA,high,migrant,NA,946.5,NA,NA,species,"literature (generally the Birds of North America series (Poole & Gill, eds 1992-2003) or Sibley 2003)",0.04,0.20998632,22,0.0340577,0.19875205,22,"quantification, estuary-wide sampling",Kuris et al. (2008),Animalia,Chordata,Vertebrata,NA,Aves,NA,Anseriformes,NA,NA,NA,Anatidae,Anas,acuta,NA,bird,0,0,0,0,0,0,0,0
186,104,BSQ,232,1,adult,186.1,Osprey,bird,taxon,Species,NA,feeding,free-living,free-living,predator,NA,high,migrant,NA,1650,NA,NA,species,"literature (generally the Birds of North America series (Poole & Gill, eds 1992-2003) or Sibley 2003)",0.01,0.05505888,22,0.0091341,0.09084715,22,"quantification, estuary-wide sampling",Kuris et al. (2008),Animalia,Chordata,Vertebrata,NA,Aves,NA,Falconiformes,NA,NA,NA,Accipitridae,Pandion,haliaetus,NA,bird,0,0,0,0,0,0,0,0
187,105,BSQ,233,1,adult,187.1,Pied-billed Grebe,bird,taxon,Species,NA,feeding,free-living,free-living,predator,NA,high,migrant,NA,416,NA,NA,species,"literature (generally the Birds of North America series (Poole & Gill, eds 1992-2003) or Sibley 2003)",0.01,0.04546337,22,0.0034544,0.01891276,22,"quantification, estuary-wide sampling",Kuris et al. (2008),Animalia,Chordata,Vertebrata,NA,Aves,NA,Podicipediformes,NA,NA,NA,Podicipedidae,Podilymbus,podiceps,NA,bird,0,0,0,0,0,0,0,0
188,106,BSQ,234,1,adult,188.1,Pectoral Sandpiper,bird,taxon,Species,NA,feeding,free-living,free-living,predator,NA,high,migrant,NA,60.85,NA,NA,species,"literature (generally the Birds of North America series (Poole & Gill, eds 1992-2003) or Sibley 2003)",0.01,0.0604281,22,0.0005053,0.00367705,22,"quantification, estuary-wide sampling",Kuris et al. (2008),Animalia,Chordata,Vertebrata,NA,Aves,NA,Charadriiformes,NA,NA,NA,Scolopacidae,Calidris,melanotus,NA,bird,0,0,0,0,0,0,0,0
189,107,BSQ,235,1,adult,189.1,Ring-billed Gull,bird,taxon,Species,NA,feeding,free-living,free-living,predator,NA,high,migrant,NA,518.5,NA,NA,species,"literature (generally the Birds of North America series (Poole & Gill, eds 1992-2003) or Sibley 2003)",0.01,0.04546337,22,0.0043055,0.02357276,22,"quantification, estuary-wide sampling",Kuris et al. (2008),Animalia,Chordata,Vertebrata,NA,Aves,NA,Charadriiformes,NA,NA,NA,Laridae,Larus,delawarensis,NA,bird,0,0,0,0,0,0,0,0
190,108,BSQ,236,1,adult,190.1,Red-breasted Merganser,bird,taxon,Species,NA,feeding,free-living,free-living,predator,NA,high,migrant,NA,1040.5,NA,NA,species,"literature (generally the Birds of North America series (Poole & Gill, eds 1992-2003) or Sibley 2003)",0.03,0.11855397,22,0.0316801,0.12335541,22,"quantification, estuary-wide sampling",Kuris et al. (2008),Animalia,Chordata,Vertebrata,NA,Aves,NA,Anseriformes,NA,NA,NA,Anatidae,Mergus,serrator,NA,bird,0,0,0,0,0,0,0,0
191,109,BSQ,237,1,adult,191.1,Reddish Egret,bird,taxon,Species,NA,feeding,free-living,free-living,predator,NA,high,resident,NA,613.5,NA,NA,species,"literature (generally the Birds of North America series (Poole & Gill, eds 1992-2003) or Sibley 2003)",0.02,0.09280172,22,0.0118868,0.05693386,22,"quantification, estuary-wide sampling",Kuris et al. (2008),Animalia,Chordata,Vertebrata,NA,Aves,NA,Ciconiiformes,NA,NA,NA,Ardeidae,Egretta,rufescens,NA,bird,0,0,0,0,0,0,0,0
192,110,BSQ,238,1,adult,192.1,Red Knot,bird,taxon,Species,NA,feeding,free-living,free-living,predator,NA,high,migrant,NA,136,NA,NA,species,"literature (generally the Birds of North America series (Poole & Gill, eds 1992-2003) or Sibley 2003)",0.01,0.11011776,22,0.0015057,0.01497601,22,"quantification, estuary-wide sampling",Kuris et al. (2008),Animalia,Chordata,Vertebrata,NA,Aves,NA,Charadriiformes,NA,NA,NA,Scolopacidae,Calidris,canutus,NA,bird,0,0,0,0,0,0,0,0
193,111,BSQ,239,1,adult,193.1,Royal Tern,bird,taxon,Species,NA,feeding,free-living,free-living,predator,NA,high,migrant,NA,345,NA,NA,species,"literature (generally the Birds of North America series (Poole & Gill, eds 1992-2003) or Sibley 2003)",0.01,0.05505888,22,0.0019099,0.01899531,22,"quantification, estuary-wide sampling",Kuris et al. (2008),Animalia,Chordata,Vertebrata,NA,Aves,NA,Charadriiformes,NA,NA,NA,Laridae,Sterna,maxima,NA,bird,0,0,0,0,0,0,0,0
196,112,BSQ,242,1,adult,196.1,Short-billed Dowitcher,bird,taxon,Species,NA,feeding,free-living,free-living,predator,NA,high,migrant,NA,110,NA,NA,species,"literature (generally the Birds of North America series (Poole & Gill, eds 1992-2003) or Sibley 2003)",1.41,4.85699059,22,0.1546706,0.53426897,22,"quantification, estuary-wide sampling",Kuris et al. (2008),Animalia,Chordata,Vertebrata,NA,Aves,NA,Charadriiformes,NA,NA,NA,Scolopacidae,Limnodromus,griseus,NA,bird,0,0,0,0,0,0,0,0
198,113,BSQ,244,1,adult,198.1,Snowy Egret,bird,taxon,Species,NA,feeding,free-living,free-living,predator,NA,high,resident,NA,369,NA,NA,species,"literature (generally the Birds of North America series (Poole & Gill, eds 1992-2003) or Sibley 2003)",0.1,0.26024223,22,0.0377902,0.09602938,22,"quantification, estuary-wide sampling",Kuris et al. (2008),Animalia,Chordata,Vertebrata,NA,Aves,NA,Ciconiiformes,NA,NA,NA,Ardeidae,Egretta,thula,NA,bird,0,0,0,0,0,0,0,0
203,114,BSQ,249,1,adult,203.1,Tricolored Heron,bird,taxon,Species,NA,feeding,free-living,free-living,predator,NA,high,migrant,NA,415,NA,NA,species,"literature (generally the Birds of North America series (Poole & Gill, eds 1992-2003) or Sibley 2003)",0.04,0.10400419,22,0.0149329,0.04316174,22,"quantification, estuary-wide sampling",Kuris et al. (2008),Animalia,Chordata,Vertebrata,NA,Aves,NA,Ciconiiformes,NA,NA,NA,Ardeidae,Egretta,tricolor,NA,bird,0,0,0,0,0,0,0,0
206,115,BSQ,252,1,adult,206.1,Western Gull,bird,taxon,Species,NA,feeding,free-living,free-living,predator,NA,high,resident,NA,875,NA,NA,species,"literature (generally the Birds of North America series (Poole & Gill, eds 1992-2003) or Sibley 2003)",0.05,0.19072955,22,0.0435945,0.16688835,22,"quantification, estuary-wide sampling",Kuris et al. (2008),Animalia,Chordata,Vertebrata,NA,Aves,NA,Charadriiformes,NA,NA,NA,Laridae,Larus,occidentalis,NA,bird,0,0,0,0,0,0,0,0
207,116,BSQ,253,1,adult,207.1,Western Sandpiper,bird,taxon,Species,NA,feeding,free-living,free-living,predator,NA,high,migrant,NA,24.2,NA,NA,species,"literature (generally the Birds of North America series (Poole & Gill, eds 1992-2003) or Sibley 2003)",1.04,3.97609183,22,0.0251857,0.09622142,22,"quantification, estuary-wide sampling",Kuris et al. (2008),Animalia,Chordata,Vertebrata,NA,Aves,NA,Charadriiformes,NA,NA,NA,Scolopacidae,Calidris,mauri,NA,bird,0,0,0,0,0,0,0,0
208,117,BSQ,254,1,adult,208.1,Whimbrel,bird,taxon,Species,NA,feeding,free-living,free-living,predator,NA,high,migrant,NA,404,NA,NA,species,"literature (generally the Birds of North America series (Poole & Gill, eds 1992-2003) or Sibley 2003)",0.02,0.14755182,22,0.0100641,0.05961093,22,"quantification, estuary-wide sampling",Kuris et al. (2008),Animalia,Chordata,Vertebrata,NA,Aves,NA,Charadriiformes,NA,NA,NA,Scolopacidae,Numenius,phaeopus,NA,bird,0,0,0,0,0,0,0,0
209,118,BSQ,255,1,adult,209.1,Willet,bird,taxon,Species,NA,feeding,free-living,free-living,predator,NA,high,migrant,NA,270,NA,NA,species,"literature (generally the Birds of North America series (Poole & Gill, eds 1992-2003) or Sibley 2003)",1.5,4.89385275,22,0.4058026,1.32134024,22,"quantification, estuary-wide sampling",Kuris et al. (2008),Animalia,Chordata,Vertebrata,NA,Aves,NA,Charadriiformes,NA,NA,NA,Scolopacidae,Catoptrophorus,semipalmatus,NA,bird,0,0,0,0,0,0,0,0
211,119,BSQ,257,1,adult,211.1,copepod-thalassinidean,copepod,taxon,Family,likely two species,feeding,commensal,commensal,predator,NA,NA,NA,NA,0.00011485,NA,NA,approximation,mean volumetric across two Hemicyclops spp in literature,NA,NA,NA,NA,NA,NA,NA,NA,Animalia,Arthropoda,Crustacea,NA,Copepoda,NA,Cyclopoida,NA,NA,NA,Clausidiidae,NA,NA,NA,copepod,0,0,0,0,0,0,0,0
350,120,CSM,,,,,,Wave Attenuation,ES,service,,service,service,,,ES,,,,,,,,,,,,,,,,,,,,,,,,,,,,,,,,,,,,,,,
450,121,CSM,,,,,,Shoreline Stabilization,ES,service,,service,service,,,ES,,,,,,,,,,,,,,,,,,,,,,,,,,,,,,,,,,,,,,,
550,122,CSM,,,,,,Carbon Sequestration,ES,service,,service,service,,,ES,,,,,,,,,,,,,,,,,,,,,,,,,,,,,,,,,,,,,,,
650,123,CSM,,,,,,Water Filtration,ES,service,,service,service,,,ES,,,,,,,,,,,,,,,,,,,,,,,,,,,,,,,,,,,,,,,
850,125,CSM,,,,,,Birdwatching,ES,service,,service,service,,,ES,,,,,,,,,,,,,,,,,,,,,,,,,,,,,,,,,,,,,,,
950,126,CSM,,,,,,Waterfowl Hunting,ES,service,,service,service,,,ES,,,,,,,,,,,,,,,,,,,,,,,,,,,,,,,,,,,,,,,
