SpeciesID,Position,System,NodeID,StageID,Stage,SpeciesID.StageID,WorkingName,OrganismalGroup,NodeType,Resolution,ResolutionNotes,Feeding,Lifestyle.stage,Lifestyle.species,ConsumerStrategy(stage),HabitatAffiliation,Mobility,Residency,NativeStatus,BodySize(g),BodySizeSD,BodySizeN,BodySizeEstimation,BodySizeNotes,Abundance(no./ha),Abundance95%CL,AbundanceDF,Biomass(kg/ha),Biomass95%CL,BiomassDF,BiomassEstimation,BiomassNotes,Kingdom,Phylum,Subphylum,Superclass,Class,Subclass,Order,Suborder,Infraorder,Superfamily,Family,Genus,SpecificEpithet,NodeNotes,Wave Attenuation,Shoreline Stabilization,Water Filtration,Carbon Sequestration,WaveAttenuation.New,ShorelineStabilization.New,WaterFiltration.New,CarbonSequestration.New
5,4,CSM,5,1,adult,5.1,Salt Grass,vascular plant,taxon,Species,NA,autotroph,free-living,free-living,autotroph,NA,low,resident,NA,NA,NA,NA,NA,NA,NA,NA,NA,475.33333,NA,NA,"quantification, estuary-wide sampling",Kuris et al. (2008),Plantae,NA,NA,NA,Angiospermae,NA,NA,NA,NA,NA,Poaceae,Distichlis,spicata,NA,1,1,1,1,1,1,1,1
6,5,CSM,6,1,adult,6.1,epipellic flora,microphytobenthos,taxon,assemblage,aggregated diverse assemblage of diatoms and cyanobacteria,autotroph,free-living,free-living,autotroph,NA,low,resident,NA,NA,NA,NA,NA,NA,NA,NA,NA,296.72,NA,NA,"quantification, limited sampling","diatom samples from 3 csm channel sites and 4 csm flat sites (J. Lorda, unpublished)",NA,NA,NA,NA,NA,NA,NA,NA,NA,NA,NA,NA,NA,NA,0,1,1,1,0,1,1,1
7,6,CSM,7,1,adult,7.1,Alkali Heath,vascular plant,taxon,Species,NA,autotroph,free-living,free-living,autotroph,NA,low,resident,NA,NA,NA,NA,NA,NA,NA,NA,NA,900,NA,NA,"quantification, estuary-wide sampling",Kuris et al. (2008),Plantae,NA,NA,NA,Angiospermae,NA,NA,NA,NA,NA,Frankeneaceae,Frankenia,salina,NA,1,1,1,1,1,1,1,1
8,7,CSM,8,1,adult,8.1,Fleshy Jaumea,vascular plant,taxon,Species,NA,autotroph,free-living,free-living,autotroph,NA,low,resident,NA,NA,NA,NA,NA,NA,NA,NA,NA,4488.6667,NA,NA,"quantification, estuary-wide sampling",Kuris et al. (2008),Plantae,NA,NA,NA,Angiospermae,NA,NA,NA,NA,NA,Asteraceae,Jaumea,carnosa,NA,1,1,1,1,1,1,1,1
9,8,CSM,9,1,adult,9.1,California Sea Lavender,vascular plant,taxon,Species,NA,autotroph,free-living,free-living,autotroph,NA,low,resident,NA,NA,NA,NA,NA,NA,NA,NA,NA,120.66667,NA,NA,"quantification, estuary-wide sampling",Kuris et al. (2008),Plantae,NA,NA,NA,Angiospermae,NA,NA,NA,NA,NA,Plumbaginaceae,Limonium,californicum,NA,1,1,1,1,1,1,1,1
10,9,CSM,10,1,adult,10.1,macroalgae,macroalgae,taxon,assemblage,"mostly the chlorophytes, Enteromorpha and Ulva",autotroph,free-living,free-living,autotroph,NA,low,resident,NA,NA,NA,NA,NA,NA,NA,NA,NA,256.49524,NA,NA,"approximation, quantified ratio",abundance in point count transects relative to Jaumaea carnosa X Jc biomass X 0.10,Plantae,NA,NA,NA,NA,NA,NA,NA,NA,NA,NA,NA,NA,NA,0,0,1,1,0,0,1,1
11,10,CSM,11,1,adult,11.1,Shore Grass,vascular plant,taxon,Species,NA,autotroph,free-living,free-living,autotroph,NA,low,resident,NA,NA,NA,NA,NA,NA,NA,NA,NA,1272,NA,NA,"quantification, estuary-wide sampling",Kuris et al. (2008),Plantae,NA,NA,NA,Angiospermae,NA,NA,NA,NA,NA,Poaceae,Monanthocloe,littoralis,NA,1,1,1,1,1,1,1,1
12,11,CSM,12,1,adult,12.1,phytoplankton,vascular plant,taxon,assemblage,NA,autotroph,free-living,free-living,autotroph,NA,low,resident,NA,NA,NA,NA,NA,NA,NA,NA,NA,1527.7309,NA,NA,extrapolation from other estuary,densities from epb,Plantae,NA,NA,NA,NA,NA,NA,NA,NA,NA,NA,NA,NA,NA,0,1,0,1,0,1,0,1
16,12,CSM,16,1,adult,16.1,Pickleweed,vascular plant,taxon,Species,NA,autotroph,free-living,free-living,autotroph,NA,low,resident,NA,NA,NA,NA,NA,NA,NA,NA,NA,38428.267,NA,NA,"quantification, estuary-wide sampling",Kuris et al. (2008),Plantae,NA,NA,NA,Angiospermae,NA,NA,NA,NA,NA,Chenopodiaceae,Salicornia,virginica,NA,1,1,1,1,1,1,1,1
21,13,CSM,21,1,adult,21.1,foraminiferan,protist,taxon,Species,NA,feeding,free-living,free-living,predator,NA,low,resident,NA,2.43E-05,NA,10,species,volumetric,NA,NA,NA,0.1433138,NA,NA,"quantification, limited sampling",csm plankton cores (5 channel and 1 pan site),Protozoa,Foraminifera,NA,NA,NA,NA,NA,NA,NA,NA,NA,NA,NA,in plankton samples,NA,NA,NA,NA,NA,NA,NA,NA
25,14,CSM,25,1,adult,25.1,Capitella capitata,annelid,life stage,Species,NA,feeding,free-living,free-living,detritivore,NA,low,resident,NA,0.00288468,0.00121467,75,population,individuals encountered during the random sampling described in Kuris et al. (2008),900311.49,919906.184,5.7767887,2.6102455,2.74156457,5.95411787,"quantification, estuary-wide sampling",Kuris et al. (2008),Animalia,Annelida,NA,NA,Polychaeta,NA,NA,NA,NA,NA,Capitellidae,Capitella,capitata,NA,NA,NA,NA,NA,NA,NA,NA,NA
35,15,CSM,35,1,adult,35.1,oligochaete,annelid,taxon,Class,NA,feeding,free-living,free-living,detritivore,NA,low,resident,NA,0.00114,NA,NA,approximation,"literature (size of Tubificoides denouxi, Shirley & Loden 1982)",NA,NA,NA,NA,NA,NA,NA,NA,Animalia,Annelida,NA,NA,Oligocheate,NA,NA,NA,NA,NA,NA,NA,NA,NA,NA,NA,NA,NA,NA,NA,NA,NA
44,16,CSM,44,1,adult,44.1,Polydora nuchalis,annelid,life stage,Species,NA,feeding,free-living,free-living,predator,NA,low,resident,NA,0.00323541,0.00121828,48,population,individuals encountered during the random sampling described in Kuris et al. (2008),515707.02,635293.686,5.13186183,1.6343817,1.80376562,7.0079455,"quantification, estuary-wide sampling",Kuris et al. (2008),Animalia,Annelida,NA,NA,Polychaeta,NA,NA,NA,NA,NA,Spionidae,Polydora,nuchalis,NA,NA,NA,NA,NA,NA,NA,NA,NA
47,17,CSM,71,1,adult,47.1,leech(glossiphonid),leech,taxon,Family,NA,feeding,free-living,free-living,micropredator,NA,NA,NA,NA,NA,NA,NA,NA,NA,NA,NA,NA,NA,NA,NA,NA,NA,Animalia,Annelida,NA,NA,Hirudinoidea,NA,NA,NA,NA,NA,Glossiphoniidae,NA,NA,NA,NA,NA,NA,NA,NA,NA,NA,NA
50,18,CSM,74,1,adult,50.1,Carcinonemertes sp.,nemertean,taxon,Species,NA,feeding,infectious,infectious,macroparasite,NA,NA,NA,NA,0.000176,NA,NA,species,volumetric; literature (mean L from Kuris 1978 & lxw ratio from Shields & Kuris 1989),NA,NA,NA,NA,NA,NA,NA,NA,Animalia,Nemertea,NA,NA,NA,NA,NA,NA,NA,NA,Carcinonemertidae,Carcinonemertes,sp.,"also considered a ""symbiotic egg predator""",0,0,0,1,0,0,0,1
51,19,CSM,75,1,adult,51.1,Carinoma mutabilis,nemertean,taxon,Species,NA,feeding,free-living,free-living,predator,NA,low,resident,NA,0.00192876,0.00048389,4,population,individuals encountered during the random sampling described in Kuris et al. (2008),52750.12,108554.749,7.01013862,0.1062877,0.22903809,7.00158123,"quantification, estuary-wide sampling",Kuris et al. (2008),Animalia,Nemertea,NA,NA,NA,NA,NA,NA,NA,NA,Carinomidae,Carinoma,mutabilis,NA,0,0,0,1,0,0,0,1
53,20,CSM,77,1,adult,53.1,nemertean,nemertean,taxon,Species,NA,feeding,free-living,free-living,predator,NA,low,resident,NA,0.00162242,NA,1,population,individuals encountered during the random sampling described in Kuris et al. (2008),15105.15,35718.0023,7,0.0245069,0.05794968,7,"quantification, estuary-wide sampling",Kuris et al. (2008),Animalia,Nemertea,NA,NA,NA,NA,NA,NA,NA,NA,NA,NA,NA,NA,0,0,0,1,0,0,0,1
61,21,CSM,101,2,larva,61.2,California Softshell Clam,bivalve,life stage,Species,NA,feeding,free-living,free-living,predator,NA,high,resident,NA,3.63E-05,NA,NA,approximation,average bivalve veliger encountered in csm plankton samples,NA,NA,NA,0.0001898,NA,NA,extrapolation and quantified apportionment,apportioned polychaete larvae and bivalve larvae biomass (quantified in samples from 5 csm channel and 1 csm pan site) to spp based on their adult/juvy proportional biomass abundances in the 3 estuaries),Animalia,Mollusca,NA,NA,Bivalvia,NA,NA,NA,NA,NA,Myidae,Cryptomya,californica,NA,0,0,1,1,0,0,1,1
64,22,CSM,104,2,larva,64.2,Bent-nosed Clam,bivalve,life stage,Species,NA,feeding,free-living,free-living,predator,NA,high,resident,NA,3.63E-05,NA,NA,approximation,average bivalve veliger encountered in csm plankton samples,NA,NA,NA,0.0080906,NA,NA,extrapolation and quantified apportionment,apportioned polychaete larvae and bivalve larvae biomass (quantified in samples from 5 csm channel and 1 csm pan site) to spp based on their adult/juvy proportional biomass abundances in the 3 estuaries),Animalia,Mollusca,NA,NA,Bivalvia,NA,NA,NA,NA,NA,Tellinidae,Macoma,nasuta,NA,0,0,1,1,0,0,1,1
65,23,CSM,89,1,adult,65.1,White Sand Macoma,bivalve,life stage,Species,NA,feeding,free-living,free-living,predator,NA,low,resident,NA,26.0738713,17.365777,8,population,individuals encountered during the random sampling described in Kuris et al. (2008),8081.74,14446.0053,7,210.72214,373.493639,7,"quantification, estuary-wide sampling",Kuris et al. (2008),Animalia,Mollusca,NA,NA,Bivalvia,NA,NA,NA,NA,NA,Tellinidae,Macoma,secta,NA,0,0,1,1,0,0,1,1
66,24,CSM,90,1,adult,66.1,Blue Mussel,bivalve,life stage,Species,NA,feeding,free-living,free-living,predator,NA,low,resident,NA,NA,NA,NA,NA,NA,NA,NA,NA,NA,NA,NA,NA,NA,Animalia,Mollusca,NA,NA,Bivalvia,NA,NA,NA,NA,NA,Mytilidae,Mytilus,galloprovincialis,NA,0,0,1,1,0,0,1,1
67,25,CSM,91,1,adult,67.1,California Mahogany Clam,bivalve,life stage,Species,NA,feeding,free-living,free-living,predator,NA,low,resident,NA,44.6619368,NA,1,population,individuals encountered during the random sampling described in Kuris et al. (2008),1010.22,2388.78359,7,45.118247,106.687702,7,"quantification, estuary-wide sampling",Kuris et al. (2008),Animalia,Mollusca,NA,NA,Bivalvia,NA,NA,NA,NA,NA,Psammobiidae,Nuttallia,nuttallii,NA,0,0,1,1,0,0,1,1
68,26,CSM,92,1,adult,68.1,Pacific Littleneck Clam,bivalve,life stage,Species,NA,feeding,free-living,free-living,predator,NA,low,resident,NA,18.652076,11.4342539,33,population,individuals encountered during the random sampling described in Kuris et al. (2008),30306.51,32251.7381,7,569.15303,601.444886,7,"quantification, estuary-wide sampling",Kuris et al. (2008),Animalia,Mollusca,NA,NA,Bivalvia,NA,NA,NA,NA,NA,Veneridae,Protothaca,staminea,NA,0,0,1,1,0,0,1,1
70,27,CSM,94,1,adult,70.1,Butter Clam,bivalve,life stage,Species,NA,feeding,free-living,free-living,predator,NA,low,resident,NA,152.991665,NA,1,population,individuals encountered during the random sampling described in Kuris et al. (2008),1010.22,2388.78359,7,151.8597,359.091128,7,"quantification, estuary-wide sampling",Kuris et al. (2008),Animalia,Mollusca,NA,NA,Bivalvia,NA,NA,NA,NA,NA,Veneridae,Saxidomus,nuttalli,NA,0,0,1,1,0,0,1,1
71,28,CSM,111,2,larva,71.2,Fat Jackknife Clam,bivalve,life stage,Species,NA,feeding,free-living,free-living,predator,NA,high,resident,NA,3.63E-05,NA,NA,approximation,average bivalve veliger encountered in csm plankton samples,NA,NA,NA,0.0005142,NA,NA,extrapolation and quantified apportionment,apportioned polychaete larvae and bivalve larvae biomass (quantified in samples from 5 csm channel and 1 csm pan site) to spp based on their adult/juvy proportional biomass abundances in the 3 estuaries),Animalia,Mollusca,NA,NA,Bivalvia,NA,NA,NA,NA,NA,Psammobiidae,Tagelus,affinis,NA,0,0,1,1,0,0,1,1
72,29,CSM,96,1,adult,72.1,California Jackknife Clam,bivalve,life stage,Species,NA,feeding,free-living,free-living,predator,NA,low,resident,NA,20.0794771,7.54982449,14,population,individuals encountered during the random sampling described in Kuris et al. (2008),13132.82,25775.4699,7,257.61279,537.179582,7,"quantification, estuary-wide sampling",Kuris et al. (2008),Animalia,Mollusca,NA,NA,Bivalvia,NA,NA,NA,NA,NA,Psammobiidae,Tagelus,californianus,NA,0,0,1,1,0,0,1,1
73,30,CSM,97,1,adult,73.1,Lesser Tagelus,bivalve,life stage,Species,NA,feeding,free-living,free-living,predator,NA,low,resident,NA,9.80811218,6.929896,32,population,individuals encountered during the random sampling described in Kuris et al. (2008),32326.94,44083.9918,7,317.06629,529.496172,7,"quantification, estuary-wide sampling",Kuris et al. (2008),Animalia,Mollusca,NA,NA,Bivalvia,NA,NA,NA,NA,NA,Psammobiidae,Tagelus,subteres,NA,0,0,1,1,0,0,1,1
75,31,CSM,115,1,adult,75.1,Acteocina inculta,snail,taxon,Species,NA,feeding,free-living,free-living,predator,NA,low,resident,NA,0.00735517,0.00446243,24,population,individuals encountered during the random sampling described in Kuris et al. (2008),335929.23,426959.538,7.01997709,2.2624235,2.38053571,8.24191093,"quantification, estuary-wide sampling",Kuris et al. (2008),Animalia,Mollusca,NA,NA,Gastropoda,NA,NA,NA,NA,NA,Scaphandridae,Acteocina,inculta,NA,0,-1,0,1,0,0,0,1
76,32,CSM,116,1,adult,76.1,California Assiminea,snail,taxon,Species,NA,feeding,free-living,free-living,detritivore,NA,low,resident,NA,0.00201946,0.00069841,21,population,individuals encountered during the random sampling described in Kuris et al. (2008),3097911.13,2622591.68,4,6.2561136,5.02173745,4,"quantification, estuary-wide sampling",Kuris et al. (2008),Animalia,Mollusca,NA,NA,Gastropoda,NA,NA,NA,NA,NA,Assimineidae,Assiminea,californica,NA,0,-1,0,1,0,0,0,1
79,33,CSM,119,1,adult,79.1,California Horn Snail,snail,taxon,Species,NA,feeding,free-living,free-living,predator,NA,low,resident,NA,1.2137299,0.40252687,1175,population,individuals encountered during the random sampling described in Kuris et al. (2008),131400.02,94146.5794,10.4601029,143.83576,102.816467,11.4817604,"quantification, estuary-wide sampling",Kuris et al. (2008),Animalia,Mollusca,NA,NA,Gastropoda,NA,NA,NA,NA,NA,Potamididae,Cerithidea,californica,NA,0,-1,0,1,0,0,0,1
82,34,CSM,122,1,adult,82.1,Salt Marsh Snail,snail,taxon,Species,NA,feeding,free-living,free-living,detritivore,NA,low,resident,NA,0.21034532,0.11792447,87,population,individuals encountered during the random sampling described in Kuris et al. (2008),404504.32,503973.539,4,85.015283,84.1921254,4,"quantification, estuary-wide sampling",Kuris et al. (2008),Animalia,Mollusca,NA,NA,Gastropoda,NA,NA,NA,NA,NA,Ellobiidae,Melampus,olivaceus,NA,0,-1,0,1,0,0,0,1
86,35,CSM,126,1,adult,86.1,Black Salt Marsh Mosquito,mosquito,life stage,Species,NA,feeding,free-living,free-living,micropredator,NA,intermediate,resident,NA,0.0025,NA,NA,species,"literature (Koenraadt 2008) mass of congener, A. aegypti",NA,NA,NA,NA,NA,NA,NA,NA,Animalia,Arthropoda,Hexapoda,NA,NA,NA,Diptera,NA,NA,NA,Culicidae,Aedes,taeniorhynchus,NA,NA,NA,NA,NA,NA,NA,NA,NA
87,36,CSM,127,1,adult,87.1,Argulus,branchiuran,taxon,Genus,NA,feeding,free-living,free-living,micropredator,NA,NA,NA,NA,0.000264,NA,NA,species,volumetric; from photo on web,NA,NA,NA,NA,NA,NA,NA,NA,Animalia,Arthropoda,Crustacea,NA,Branchiura,NA,NA,NA,NA,NA,Argulidae,Argulus,NA,NA,NA,NA,NA,NA,NA,NA,NA,NA
89,37,CSM,129,1,adult,89.1,corophiid?,amphipod,taxon,Species,NA,feeding,free-living,free-living,detritivore,NA,low,resident,NA,0.00573086,0.00497556,70,population,individuals encountered during the random sampling described in Kuris et al. (2008),1057360.45,1665065.41,7,6.0595817,9.27579308,7,"quantification, estuary-wide sampling",Kuris et al. (2008),Animalia,Arthropoda,Crustacea,NA,Malacostraca,NA,Amphipoda,NA,NA,NA,Corophiidae,NA,NA,NA,0,0,0,1,0,0,0,1
90,38,CSM,130,1,adult,90.1,Western Encephalitis Mosquito,mosquito,life stage,Species,NA,feeding,free-living,free-living,micropredator,NA,intermediate,resident,NA,0.00217,NA,NA,species,literature (Gray & Bradley 2003),NA,NA,NA,NA,NA,NA,NA,NA,Animalia,Arthropoda,Hexapoda,NA,NA,NA,Diptera,NA,NA,NA,Culicidae,Culex,tarsalis,NA,NA,NA,NA,NA,NA,NA,NA,NA
92,39,CSM,132,1,adult,92.1,cyclopoid copepod,copepod,taxon,Order,NA,feeding,free-living,free-living,predator,NA,low,resident,NA,8.28E-06,NA,9,species,volumetric,NA,NA,NA,0.0246359,NA,NA,"quantification, limited sampling",csm plankton cores (5 channel and 1 pan site),Animalia,Arthropoda,Crustacea,NA,Copepoda,NA,Cyclopoida,NA,NA,NA,NA,NA,NA,NA,0,0,0,1,0,0,0,1
93,40,CSM,133,1,adult,93.1,dipteran b,dipteran,life stage,Species,NA,feeding,free-living,free-living,detritivore,NA,intermediate,resident,NA,0.00942176,NA,NA,approximation,set equal to size of pupa,NA,NA,NA,0.0389175,NA,NA,"quantification, estuary-wide sampling",Kuris et al. (2008),Animalia,Arthropoda,Hexapoda,NA,NA,NA,Diptera,NA,NA,NA,NA,NA,NA,NA,NA,NA,NA,NA,NA,NA,NA,NA
94,41,CSM,154,2,larva,94.2,Ephydra,dipteran,life stage,Species,NA,feeding,free-living,free-living,predator,NA,low,resident,NA,0.0449813,0.03848365,6,population,volumetric,71538.81,64119.6456,10.5037476,2.948143,3.24215039,12.2680958,"quantification, estuary-wide sampling",Kuris et al. (2008),Animalia,Arthropoda,Hexapoda,NA,NA,NA,Diptera,NA,NA,NA,Ephydridae,NA,NA,NA,NA,NA,NA,NA,NA,NA,NA,NA
99,42,CSM,139,1,adult,99.1,green gammaridean,amphipod,taxon,Species,NA,feeding,free-living,free-living,predator,NA,low,resident,NA,0.00461043,NA,1,population,individuals encountered during the random sampling described in Kuris et al. (2008),15105.15,35718.0023,7,0.0696413,0.16467542,7,"quantification, estuary-wide sampling",Kuris et al. (2008),Animalia,Arthropoda,Crustacea,NA,Malacostraca,NA,Amphipoda,Gammaridea,NA,NA,NA,NA,NA,NA,0,0,0,1,0,0,0,1
100,43,CSM,140,1,adult,100.1,harpacticoid,copepod,taxon,Order,NA,feeding,free-living,free-living,predator,NA,low,resident,NA,5.17E-06,NA,NA,approximation,approximated to copepod.thalassinidean,NA,NA,NA,0.1384038,NA,NA,"quantification, limited sampling",csm plankton cores (5 channel and 1 pan site),Animalia,Arthropoda,Crustacea,NA,Copepoda,NA,Harpacticoida,NA,NA,NA,NA,NA,NA,NA,0,0,0,1,0,0,0,1
102,44,CSM,142,1,adult,102.1,oniscidean,isopod,taxon,Species,NA,feeding,free-living,free-living,detritivore,NA,low,resident,NA,0.00242802,0.00207876,4,population,individuals encountered during the random sampling described in Kuris et al. (2008),590078.31,1638320.04,4,1.4327233,3.97787753,4,"quantification, estuary-wide sampling",Kuris et al. (2008),Animalia,Arthropoda,Crustacea,NA,Malacostraca,NA,Isopoda,Oniscidea,NA,NA,NA,NA,NA,NA,0,0,0,1,0,0,0,1
104,45,CSM,144,1,adult,104.1,ostracod-planktonic,ostracod,taxon,Class,NA,feeding,free-living,free-living,predator,NA,low,resident,NA,3.61E-05,NA,2,species,volumetric,NA,NA,NA,0.1182526,NA,NA,"quantification, limited sampling",csm plankton cores (5 channel and 1 pan site),Animalia,Arthropoda,Crustacea,NA,Ostracoda,NA,NA,NA,NA,NA,NA,NA,NA,NA,0,0,0,1,0,0,0,1
106,46,CSM,146,1,adult,106.1,Pardosa sp.,spider,taxon,Species,NA,feeding,free-living,free-living,predator,NA,low,resident,NA,0.01040481,NA,1,population,individuals encountered during the random sampling described in Kuris et al. (2008),147519.58,409580.009,4,1.5349126,4.2616007,4,"quantification, estuary-wide sampling",Kuris et al. (2008),Animalia,Arthropoda,Chelicerata,NA,Arachnida,NA,Aranae,NA,NA,NA,Lycosidae,Pardosa,sp.,NA,0,0,0,1,0,0,0,1
109,47,CSM,149,1,adult,109.1,Salt Marsh Hopper,amphipod,taxon,Species,NA,feeding,free-living,free-living,detritivore,NA,low,resident,NA,0.00360519,NA,NA,species,set equal to body size of those at bsq,NA,NA,NA,3.3067643,NA,NA,extrapolation from other estuary,"set = to bsq; know is present, not adequately sampled, but important resource)",Animalia,Arthropoda,Crustacea,NA,Malacostraca,NA,Amphipoda,NA,NA,NA,Talitridae,Traskorchestia,traskiana,NA,0,0,0,1,0,0,0,1
110,48,CSM,150,1,adult,110.1,Salt Marsh Water Boatman,water boatman,taxon,Species,NA,feeding,free-living,free-living,predator,NA,low,resident,NA,0.00360519,NA,NA,approximation,approximated to Traskorchestia traskiana,NA,NA,NA,0.726149,NA,NA,biomass vs. body size relationship,known biomass v. body size relationship across species (Hechinger et al. in prep)),Animalia,Arthropoda,Hexapoda,NA,NA,NA,Hemiptera,NA,NA,NA,Corixidae,Trichocorixia,sp.,NA,0,0,0,1,0,0,0,1
111,49,CSM,157,1,adult,111.1,Calfornia Ghost Shrimp,burrowing shrimp,taxon,Species,NA,feeding,free-living,free-living,predator,NA,low,resident,NA,4.74904783,1.83446563,2,population,individuals encountered during the random sampling described in Kuris et al. (2008),1617.69,2681.19182,8.69013522,7.1600804,11.3586465,9.54164015,"quantification, estuary-wide sampling",Kuris et al. (2008),Animalia,Arthropoda,Crustacea,NA,Malacostraca,NA,Decapoda,NA,NA,NA,Callianassidae,Neotrypaea,californiensis,NA,0,0,0,1,0,0,0,1
112,50,CSM,158,1,adult,112.1,Southern Mud Shrimp,burrowing shrimp,taxon,Species,NA,feeding,free-living,free-living,predator,NA,low,resident,NA,8.1941841,NA,1,population,individuals encountered during the random sampling described in Kuris et al. (2008),1010.22,2388.78359,7,8.277904,19.5741325,7,"quantification, estuary-wide sampling",Kuris et al. (2008),Animalia,Arthropoda,Crustacea,NA,Malacostraca,NA,Decapoda,NA,NA,NA,Upogebiidae,Upogebia,macginitieorum,NA,0,0,0,1,0,0,0,1
113,51,CSM,159,1,adult,113.1,Green Shore Crab,crab,taxon,Species,NA,feeding,free-living,free-living,predator,NA,low,resident,NA,1.16850119,0.94407663,3,population,individuals encountered during the random sampling described in Kuris et al. (2008),147.07,320.265229,4,0.1412562,0.24488932,4,"quantification, estuary-wide sampling",Kuris et al. (2008),Animalia,Arthropoda,Crustacea,NA,Malacostraca,NA,Decapoda,NA,NA,NA,Grapsidae,Hemigrapsus,oregonensis,NA,0,-1,0,1,0,0,0,1
114,52,CSM,160,1,adult,114.1,Striped Shore Crab,crab,taxon,Species,NA,feeding,free-living,free-living,predator,NA,low,resident,NA,8.2920462,9.1481989,203,population,individuals encountered during the random sampling described in Kuris et al. (2008),18204.25,12886.5303,8.45458431,175.59909,162.791478,9.63112365,"quantification, estuary-wide sampling",Kuris et al. (2008),Animalia,Arthropoda,Crustacea,NA,Malacostraca,NA,Decapoda,NA,NA,NA,Grapsidae,Pachygrapsus,crassipes,NA,0,-1,0,1,0,0,0,1
115,53,CSM,161,1,adult,115.1,Fiddler Crab,crab,taxon,Species,NA,feeding,free-living,free-living,predator,NA,low,resident,NA,1.86130374,NA,1,population,individuals encountered during the random sampling described in Kuris et al. (2008),115.05,319.440776,4,0.2141502,0.59457631,4,"quantification, estuary-wide sampling",Kuris et al. (2008),Animalia,Arthropoda,Crustacea,NA,Malacostraca,NA,Decapoda,NA,NA,NA,Oxypodidae,Uca,crenulata,NA,0,-1,0,1,0,0,0,1
116,54,CSM,162,1,adult,116.1,Yellow-fin Goby,fish,taxon,Species,NA,feeding,free-living,free-living,predator,NA,high,resident,NA,26.9388716,10.2614342,2,population,individuals encountered during the random sampling described in Kuris et al. (2008),15.74,24.5412673,7,0.4240099,0.66777384,7,"quantification, estuary-wide sampling",Kuris et al. (2008),Animalia,Chordata,Vertebrata,NA,Osteichthyes,NA,Perciformes,NA,NA,NA,Gobiidae,Acanthogobius,flavimanus,NA,0,0,0,1,0,0,0,1
118,55,CSM,164,1,adult,118.1,Topsmelt,fish,taxon,Species,NA,feeding,free-living,free-living,predator,NA,high,resident,NA,2.59261677,9.38921251,11,population,individuals encountered during the random sampling described in Kuris et al. (2008),1733.04,1270.25193,7.00008201,4.5752376,3.44611838,7.00000142,"quantification, estuary-wide sampling",Kuris et al. (2008),Animalia,Chordata,Vertebrata,NA,Osteichthyes,NA,Atheriniformes,NA,NA,NA,Atherinopsidae,Atherinops,affinis,NA,0,0,0,1,0,0,0,1
119,56,CSM,165,1,adult,119.1,Arrow Goby,fish,taxon,Species,NA,feeding,free-living,free-living,predator,NA,low,resident,NA,0.3380892,2.08956258,11,population,individuals encountered during the random sampling described in Kuris et al. (2008),2165.77,1495.09807,10.6636361,0.6982437,0.4960585,10.8654733,"quantification, estuary-wide sampling",Kuris et al. (2008),Animalia,Chordata,Vertebrata,NA,Osteichthyes,NA,Perciformes,NA,NA,NA,Gobiidae,Clevelandia,ios,NA,0,0,0,1,0,0,0,1
120,57,CSM,166,1,adult,120.1,Shiner Surfperch,fish,taxon,Species,NA,feeding,free-living,free-living,predator,NA,intermediate,resident,NA,3.67831145,1.36426108,2,population,individuals encountered during the random sampling described in Kuris et al. (2008),12.22,21.0435493,7,0.0449312,0.08640368,7,"quantification, estuary-wide sampling",Kuris et al. (2008),Animalia,Chordata,Vertebrata,NA,Osteichthyes,NA,Perciformes,NA,NA,NA,Embiotocidae,Cymatogaster,aggregata,NA,0,0,0,1,0,0,0,1
121,58,CSM,167,1,adult,121.1,California Killifish,fish,taxon,Species,NA,feeding,free-living,free-living,predator,NA,high,resident,NA,0.50501708,10.7392971,13,population,individuals encountered during the random sampling described in Kuris et al. (2008),2839.51,3697.48544,4.28518959,1.6540096,1.8789584,9.6701865,"quantification, estuary-wide sampling",Kuris et al. (2008),Animalia,Chordata,Vertebrata,NA,Osteichthyes,NA,Cyprinodontiformes,NA,NA,NA,Fundulidae,Fundulus,parvipinnis,NA,0,0,0,1,0,0,0,1
122,59,CSM,168,1,adult,122.1,Long-jawed Mudsucker,fish,taxon,Species,NA,feeding,free-living,free-living,predator,NA,low,resident,NA,19.4152654,15.0373952,4,population,individuals encountered during the random sampling described in Kuris et al. (2008),39.8,61.9415281,7,0.7728177,1.31216744,7,"quantification, estuary-wide sampling",Kuris et al. (2008),Animalia,Chordata,Vertebrata,NA,Osteichthyes,NA,Perciformes,NA,NA,NA,Gobiidae,Gillichthys,mirabilis,NA,0,0,0,1,0,0,0,1
125,60,CSM,171,1,adult,125.1,Diamond Turbot,fish,taxon,Species,NA,feeding,free-living,free-living,predator,NA,intermediate,resident,NA,24.6492672,27.5126684,2,population,individuals encountered during the random sampling described in Kuris et al. (2008),10.62,21.3383502,7,0.2618094,0.56451312,7,"quantification, estuary-wide sampling",Kuris et al. (2008),Animalia,Chordata,Vertebrata,NA,Osteichthyes,NA,Pleuronectiformes,NA,NA,NA,Plueronectidae,Hypsopsetta,guttulata,NA,0,0,0,1,0,0,0,1
127,61,CSM,173,1,adult,127.1,Staghorn Sculpin,fish,taxon,Species,NA,feeding,free-living,free-living,predator,NA,high,migrant,NA,28.5679949,114.617278,4,population,individuals encountered during the random sampling described in Kuris et al. (2008),364.57,681.835318,7,10.415117,19.8721471,7,"quantification, estuary-wide sampling",Kuris et al. (2008),Animalia,Chordata,Vertebrata,NA,Osteichthyes,NA,Perciformes,NA,NA,NA,Cottidae,Leptocottus,armatus,NA,0,0,0,1,0,0,0,1
132,62,CSM,178,1,adult,132.1,California Halibut,fish,taxon,Species,NA,feeding,free-living,free-living,predator,NA,high,resident,NA,35.3681077,NA,1,population,individuals encountered during the random sampling described in Kuris et al. (2008),4.35,10.2750418,7,0.1536856,0.36340878,7,"quantification, estuary-wide sampling",Kuris et al. (2008),Animalia,Chordata,Vertebrata,NA,Osteichthyes,NA,Pleuronectiformes,NA,NA,NA,Paralichthyidae,Paralichthys,californicus,NA,0,0,0,1,0,0,0,1
139,63,CSM,185,1,adult,139.1,Leopard Shark,elasmobranch,taxon,Species,NA,feeding,free-living,free-living,predator,NA,high,resident,NA,1314.95447,NA,NA,species,applied L to W regressions (FishBase) to estimates on general L of species in estuaries,NA,NA,NA,0.0863925,NA,NA,field experience,body weight multiplied by abundance estimates from field experience,Animalia,Chordata,Vertebrata,NA,Chondrichthyes,NA,Carcharhiniformes,NA,NA,NA,Triakidae,Triakis,semifasciata,NA,0,0,0,1,0,0,0,1
140,64,CSM,186,1,adult,140.1,Haller's Round Ray,elasmobranch,taxon,Species,NA,feeding,free-living,free-living,predator,NA,high,resident,NA,467.2,NA,NA,species,applied L to W regressions (FishBase) to estimates on general L of species in estuaries,NA,NA,NA,0.0284862,NA,NA,"quantification, limited sampling",body weight multiplied by abundance estimates from Brooks (1999),Animalia,Chordata,Vertebrata,NA,Chondrichthyes,NA,Rajiformes,NA,NA,NA,Urolophidae,Urolophus,halleri,NA,0,0,0,1,0,0,0,1
141,65,CSM,187,1,adult,141.1,American Avocet,bird,taxon,Species,NA,feeding,free-living,free-living,predator,NA,high,migrant,NA,304.3,NA,NA,species,"literature (generally the Birds of North America series (Poole & Gill, eds 1992-2003) or Sibley 2003)",0.05,0.20953469,22,0.0151609,0.06376141,22,"quantification, estuary-wide sampling",Kuris et al. (2008),Animalia,Chordata,Vertebrata,NA,Aves,NA,Charadriiformes,NA,NA,NA,Recurvirostridae,Recurvirostra,americana,NA,NA,NA,NA,NA,NA,NA,NA,NA
143,66,CSM,189,1,adult,143.1,American Coot,bird,taxon,Species,NA,feeding,free-living,free-living,predator,NA,high,migrant,NA,650,NA,NA,species,"literature (generally the Birds of North America series (Poole & Gill, eds 1992-2003) or Sibley 2003)",0.14,0.73292798,22,0.0922059,0.47640319,22,"quantification, estuary-wide sampling",Kuris et al. (2008),Animalia,Chordata,Vertebrata,NA,Aves,NA,Gruiformes,NA,NA,NA,Rallidae,Fulica,americana,NA,NA,NA,NA,NA,NA,NA,NA,NA
144,67,CSM,190,1,adult,144.1,American Crow,bird,taxon,Species,NA,feeding,free-living,free-living,predator,NA,high,resident,NA,399.5,NA,NA,species,"literature (generally the Birds of North America series (Poole & Gill, eds 1992-2003) or Sibley 2003)",0,0.0344118,22,0.0013822,0.01374751,22,"quantification, estuary-wide sampling",Kuris et al. (2008),Animalia,Chordata,Vertebrata,NA,Aves,NA,Passeriformes,NA,NA,NA,Corvidae,Corvus,brachyrhynchos,NA,NA,NA,NA,NA,NA,NA,NA,NA
145,68,CSM,191,1,adult,145.1,American Wigeon,bird,taxon,Species,NA,feeding,free-living,free-living,predator,NA,high,migrant,NA,780,NA,NA,species,"literature (generally the Birds of North America series (Poole & Gill, eds 1992-2003) or Sibley 2003)",0.09,0.60721336,22,0.0674677,0.47362642,22,"quantification, estuary-wide sampling",Kuris et al. (2008),Animalia,Chordata,Vertebrata,NA,Aves,NA,Anseriformes,NA,NA,NA,Anatidae,Anas,americana,NA,NA,NA,NA,NA,NA,NA,NA,NA
146,69,CSM,192,1,adult,146.1,Black-bellied Plover,bird,taxon,Species,NA,feeding,free-living,free-living,predator,NA,high,migrant,NA,225.5,NA,NA,species,"literature (generally the Birds of North America series (Poole & Gill, eds 1992-2003) or Sibley 2003)",0.03,0.22162908,22,0.0063977,0.04997736,22,"quantification, estuary-wide sampling",Kuris et al. (2008),Animalia,Chordata,Vertebrata,NA,Aves,NA,Charadriiformes,NA,NA,NA,Chardridae,Pluvialis,squatarola,NA,NA,NA,NA,NA,NA,NA,NA,NA
147,70,CSM,193,1,adult,147.1,Black-crowned Night Heron,bird,taxon,Species,NA,feeding,free-living,free-living,predator,NA,high,migrant,NA,869.6,NA,NA,species,"literature (generally the Birds of North America series (Poole & Gill, eds 1992-2003) or Sibley 2003)",0.03,0.31005359,22,0.0300871,0.2696226,22,"quantification, estuary-wide sampling",Kuris et al. (2008),Animalia,Chordata,Vertebrata,NA,Aves,NA,Ciconiiformes,NA,NA,NA,Ardeidae,Nycticorax,nycticorax,NA,NA,NA,NA,NA,NA,NA,NA,NA
148,71,CSM,194,1,adult,148.1,Belted Kingfisher,bird,taxon,Species,NA,feeding,free-living,free-living,predator,NA,high,migrant,NA,147.6,NA,NA,species,"literature (generally the Birds of North America series (Poole & Gill, eds 1992-2003) or Sibley 2003)",0.02,0.09691006,22,0.0036769,0.01430392,22,"quantification, estuary-wide sampling",Kuris et al. (2008),Animalia,Chordata,Vertebrata,NA,Aves,NA,Coraciiformes,NA,NA,NA,Alcedinidae,Ceryle,alcyon,NA,NA,NA,NA,NA,NA,NA,NA,NA
151,72,CSM,197,1,adult,151.1,Bonaparte's Gull,bird,taxon,Species,NA,feeding,free-living,free-living,predator,NA,high,migrant,NA,211.25,NA,NA,species,"literature (generally the Birds of North America series (Poole & Gill, eds 1992-2003) or Sibley 2003)",0,0.0344118,22,0.0007309,0.00726949,22,"quantification, estuary-wide sampling",Kuris et al. (2008),Animalia,Chordata,Vertebrata,NA,Aves,NA,Charadriiformes,NA,NA,NA,Laridae,Larus,philadelphia,NA,NA,NA,NA,NA,NA,NA,NA,NA
154,73,CSM,200,1,adult,154.1,Bufflehead,bird,taxon,Species,NA,feeding,free-living,free-living,predator,NA,high,migrant,NA,401,NA,NA,species,"literature (generally the Birds of North America series (Poole & Gill, eds 1992-2003) or Sibley 2003)",0.23,1.04620718,22,0.0915692,0.41952908,22,"quantification, estuary-wide sampling",Kuris et al. (2008),Animalia,Chordata,Vertebrata,NA,Aves,NA,Anseriformes,NA,NA,NA,Anatidae,Bucephala,albeola,NA,NA,NA,NA,NA,NA,NA,NA,NA
155,74,CSM,201,1,adult,155.1,Blue-winged Teal,bird,taxon,Species,NA,feeding,free-living,free-living,predator,NA,high,migrant,NA,364,NA,NA,species,"literature (generally the Birds of North America series (Poole & Gill, eds 1992-2003) or Sibley 2003)",0.14,1.1837677,22,0.0516353,0.43089144,22,"quantification, estuary-wide sampling",Kuris et al. (2008),Animalia,Chordata,Vertebrata,NA,Aves,NA,Anseriformes,NA,NA,NA,Anatidae,Anas,discors,NA,NA,NA,NA,NA,NA,NA,NA,NA
157,75,CSM,203,1,adult,157.1,California Gull,bird,taxon,Species,NA,feeding,free-living,free-living,predator,NA,high,migrant,NA,738,NA,NA,species,"literature (generally the Birds of North America series (Poole & Gill, eds 1992-2003) or Sibley 2003)",NA,NA,NA,NA,NA,NA,NA,NA,Animalia,Chordata,Vertebrata,NA,Aves,NA,Charadriiformes,NA,NA,NA,Laridae,Larus,californicus,NA,NA,NA,NA,NA,NA,NA,NA,NA
158,76,CSM,204,1,adult,158.1,Caspian Tern,bird,taxon,Species,NA,feeding,free-living,free-living,predator,NA,high,migrant,NA,655.5,NA,NA,species,"literature (generally the Birds of North America series (Poole & Gill, eds 1992-2003) or Sibley 2003)",0.01,0.05505888,22,0.0036287,0.03609109,22,"quantification, estuary-wide sampling",Kuris et al. (2008),Animalia,Chordata,Vertebrata,NA,Aves,NA,Charadriiformes,NA,NA,NA,Laridae,Sterna,caspia,NA,NA,NA,NA,NA,NA,NA,NA,NA
159,77,CSM,205,1,adult,159.1,Cinnamon Teal,bird,taxon,Species,NA,feeding,free-living,free-living,predator,NA,high,migrant,NA,359,NA,NA,species,"literature (generally the Birds of North America series (Poole & Gill, eds 1992-2003) or Sibley 2003)",0.04,0.30214051,22,0.0149052,0.10846844,22,"quantification, estuary-wide sampling",Kuris et al. (2008),Animalia,Chordata,Vertebrata,NA,Aves,NA,Anseriformes,NA,NA,NA,Anatidae,Anas,cyanoptera,NA,NA,NA,NA,NA,NA,NA,NA,NA
161,78,CSM,207,1,adult,161.1,Cooper's Hawk,bird,taxon,Species,NA,feeding,free-living,free-living,predator,NA,high,migrant,NA,360,NA,NA,species,"literature (generally the Birds of North America series (Poole & Gill, eds 1992-2003) or Sibley 2003)",0.01,0.04308039,22,0.002242,0.01550894,22,"quantification, estuary-wide sampling",Kuris et al. (2008),Animalia,Chordata,Vertebrata,NA,Aves,NA,Falconiformes,NA,NA,NA,Accipitridae,Accipiter,cooperi,NA,NA,NA,NA,NA,NA,NA,NA,NA
163,79,CSM,209,1,adult,163.1,Double-crested Cormorant,bird,taxon,Species,NA,feeding,free-living,free-living,predator,NA,high,migrant,NA,2254.5,NA,NA,species,"literature (generally the Birds of North America series (Poole & Gill, eds 1992-2003) or Sibley 2003)",0.01,0.03803739,22,0.0124805,0.08575529,22,"quantification, estuary-wide sampling",Kuris et al. (2008),Animalia,Chordata,Vertebrata,NA,Aves,NA,Pelicaniformes,NA,NA,NA,Pelicanidae,Phalacrocorax,penicillatus,NA,NA,NA,NA,NA,NA,NA,NA,NA
164,80,CSM,210,1,adult,164.1,Dunlin,bird,taxon,Species,NA,feeding,free-living,free-living,predator,NA,high,migrant,NA,51.45,NA,NA,species,"literature (generally the Birds of North America series (Poole & Gill, eds 1992-2003) or Sibley 2003)",0.18,1.68457362,22,0.0090074,0.08667131,22,"quantification, estuary-wide sampling",Kuris et al. (2008),Animalia,Chordata,Vertebrata,NA,Aves,NA,Charadriiformes,NA,NA,NA,Scolopacidae,Calidris,alpina,NA,NA,NA,NA,NA,NA,NA,NA,NA
168,81,CSM,214,1,adult,168.1,Great Blue Heron,bird,taxon,Species,NA,feeding,free-living,free-living,predator,NA,high,resident,NA,2400,NA,NA,species,"literature (generally the Birds of North America series (Poole & Gill, eds 1992-2003) or Sibley 2003)",0.11,0.25913125,22,0.2673797,0.621915,22,"quantification, estuary-wide sampling",Kuris et al. (2008),Animalia,Chordata,Vertebrata,NA,Aves,NA,Ciconiiformes,NA,NA,NA,Ardeidae,Ardea,herodius,NA,NA,NA,NA,NA,NA,NA,NA,NA
169,82,CSM,215,1,adult,169.1,Great Egret,bird,taxon,Species,NA,feeding,free-living,free-living,predator,NA,high,migrant,NA,873.5,NA,NA,species,"literature (generally the Birds of North America series (Poole & Gill, eds 1992-2003) or Sibley 2003)",0.08,0.18118927,22,0.0701152,0.15826883,22,"quantification, estuary-wide sampling",Kuris et al. (2008),Animalia,Chordata,Vertebrata,NA,Aves,NA,Ciconiiformes,NA,NA,NA,Ardeidae,Egretta,alba,NA,NA,NA,NA,NA,NA,NA,NA,NA
170,83,CSM,216,1,adult,170.1,Green Heron,bird,taxon,Species,NA,feeding,free-living,free-living,predator,NA,high,migrant,NA,241,NA,NA,species,"literature (generally the Birds of North America series (Poole & Gill, eds 1992-2003) or Sibley 2003)",NA,NA,NA,0.0075045,NA,NA,"quantification, estuary-wide sampling",Kuris et al. (2008); only present in summer,Animalia,Chordata,Vertebrata,NA,Aves,NA,Ciconiiformes,NA,NA,NA,Ardeidae,Butorides,virescens,NA,NA,NA,NA,NA,NA,NA,NA,NA
172,84,CSM,218,1,adult,172.1,Greater Yellowlegs,bird,taxon,Species,NA,feeding,free-living,free-living,predator,NA,high,migrant,NA,165,NA,NA,species,"literature (generally the Birds of North America series (Poole & Gill, eds 1992-2003) or Sibley 2003)",0.24,0.6448718,22,0.0396191,0.10640385,22,"quantification, estuary-wide sampling",Kuris et al. (2008),Animalia,Chordata,Vertebrata,NA,Aves,NA,Charadriiformes,NA,NA,NA,Scolopacidae,Tringa,melanoleuca,NA,NA,NA,NA,NA,NA,NA,NA,NA
173,85,CSM,219,1,adult,173.1,Green-winged Teal,bird,taxon,Species,NA,feeding,free-living,free-living,predator,NA,high,migrant,NA,338,NA,NA,species,"literature (generally the Birds of North America series (Poole & Gill, eds 1992-2003) or Sibley 2003)",0.41,2.55648863,22,0.1386956,0.86409316,22,"quantification, estuary-wide sampling",Kuris et al. (2008),Animalia,Chordata,Vertebrata,NA,Aves,NA,Anseriformes,NA,NA,NA,Anatidae,Anas,crecca,NA,NA,NA,NA,NA,NA,NA,NA,NA
174,86,CSM,220,1,adult,174.1,Killdeer,bird,taxon,Species,NA,feeding,free-living,free-living,predator,NA,high,migrant,NA,95,NA,NA,species,"literature (generally the Birds of North America series (Poole & Gill, eds 1992-2003) or Sibley 2003)",0.07,0.28293873,22,0.0062451,0.02687918,22,"quantification, estuary-wide sampling",Kuris et al. (2008),Animalia,Chordata,Vertebrata,NA,Aves,NA,Charadriiformes,NA,NA,NA,Chardridae,Chardrius,vociferus,NA,NA,NA,NA,NA,NA,NA,NA,NA
175,87,CSM,221,1,adult,175.1,Long-billed Curlew,bird,taxon,Species,NA,feeding,free-living,free-living,predator,NA,high,migrant,NA,754.5,NA,NA,species,"literature (generally the Birds of North America series (Poole & Gill, eds 1992-2003) or Sibley 2003)",0.11,0.52050101,22,0.0835354,0.39271801,22,"quantification, estuary-wide sampling",Kuris et al. (2008),Animalia,Chordata,Vertebrata,NA,Aves,NA,Charadriiformes,NA,NA,NA,Scolopacidae,Numenius,americanus,NA,NA,NA,NA,NA,NA,NA,NA,NA
176,88,CSM,222,1,adult,176.1,Long-billed Dowitcher,bird,taxon,Species,NA,feeding,free-living,free-living,predator,NA,high,migrant,NA,104.5,NA,NA,species,"literature (generally the Birds of North America series (Poole & Gill, eds 1992-2003) or Sibley 2003)",0.53,2.49249163,22,0.0553906,0.26046538,22,"quantification, estuary-wide sampling",Kuris et al. (2008),Animalia,Chordata,Vertebrata,NA,Aves,NA,Charadriiformes,NA,NA,NA,Scolopacidae,Limnodromus,scilopaceus,NA,NA,NA,NA,NA,NA,NA,NA,NA
177,89,CSM,223,1,adult,177.1,Little Blue Heron,bird,taxon,Species,NA,feeding,free-living,free-living,predator,NA,high,migrant,NA,340,NA,NA,species,"literature (generally the Birds of North America series (Poole & Gill, eds 1992-2003) or Sibley 2003)",0.01,0.05682922,22,0.0035291,0.01932193,22,"quantification, estuary-wide sampling",Kuris et al. (2008),Animalia,Chordata,Vertebrata,NA,Aves,NA,Ciconiiformes,NA,NA,NA,Ardeidae,Egretta,caerulea,NA,NA,NA,NA,NA,NA,NA,NA,NA
178,90,CSM,224,1,adult,178.1,Least Sandpiper,bird,taxon,Species,NA,feeding,free-living,free-living,predator,NA,high,migrant,NA,20.9,NA,NA,species,"literature (generally the Birds of North America series (Poole & Gill, eds 1992-2003) or Sibley 2003)",1.71,7.41792656,22,0.0356641,0.15503467,22,"quantification, estuary-wide sampling",Kuris et al. (2008),Animalia,Chordata,Vertebrata,NA,Aves,NA,Charadriiformes,NA,NA,NA,Scolopacidae,Calidris,minutilla,NA,NA,NA,NA,NA,NA,NA,NA,NA
181,91,CSM,227,1,adult,181.1,Marbled Godwit,bird,taxon,Species,NA,feeding,free-living,free-living,predator,NA,high,migrant,NA,367.5,NA,NA,species,"literature (generally the Birds of North America series (Poole & Gill, eds 1992-2003) or Sibley 2003)",0.29,2.37443315,22,0.1057894,0.87260418,22,"quantification, estuary-wide sampling",Kuris et al. (2008),Animalia,Chordata,Vertebrata,NA,Aves,NA,Charadriiformes,NA,NA,NA,Scolopacidae,Limosa,fedoa,NA,NA,NA,NA,NA,NA,NA,NA,NA
182,92,CSM,228,1,adult,182.1,Mallard,bird,taxon,Species,NA,feeding,free-living,free-living,predator,NA,high,migrant,NA,1186.5,NA,NA,species,"literature (generally the Birds of North America series (Poole & Gill, eds 1992-2003) or Sibley 2003)",0.4,1.71166225,22,0.4704502,2.03088726,22,"quantification, estuary-wide sampling",Kuris et al. (2008),Animalia,Chordata,Vertebrata,NA,Aves,NA,Anseriformes,NA,NA,NA,Anatidae,Anas,platyrhynchos,NA,NA,NA,NA,NA,NA,NA,NA,NA
183,93,CSM,229,1,adult,183.1,Mew Gull,bird,taxon,Species,NA,feeding,free-living,free-living,predator,NA,high,migrant,NA,480,NA,NA,species,"literature (generally the Birds of North America series (Poole & Gill, eds 1992-2003) or Sibley 2003)",NA,NA,NA,NA,NA,NA,NA,NA,Animalia,Chordata,Vertebrata,NA,Aves,NA,Charadriiformes,NA,NA,NA,Laridae,Larus,canus,NA,NA,NA,NA,NA,NA,NA,NA,NA
187,94,CSM,233,1,adult,187.1,Pied-billed Grebe,bird,taxon,Species,NA,feeding,free-living,free-living,predator,NA,high,migrant,NA,416,NA,NA,species,"literature (generally the Birds of North America series (Poole & Gill, eds 1992-2003) or Sibley 2003)",0.05,0.17830251,22,0.0198625,0.07417384,22,"quantification, estuary-wide sampling",Kuris et al. (2008),Animalia,Chordata,Vertebrata,NA,Aves,NA,Podicipediformes,NA,NA,NA,Podicipedidae,Podilymbus,podiceps,NA,NA,NA,NA,NA,NA,NA,NA,NA
189,95,CSM,235,1,adult,189.1,Ring-billed Gull,bird,taxon,Species,NA,feeding,free-living,free-living,predator,NA,high,migrant,NA,518.5,NA,NA,species,"literature (generally the Birds of North America series (Poole & Gill, eds 1992-2003) or Sibley 2003)",0.01,0.07641364,22,0.0064582,0.03962047,22,"quantification, estuary-wide sampling",Kuris et al. (2008),Animalia,Chordata,Vertebrata,NA,Aves,NA,Charadriiformes,NA,NA,NA,Laridae,Larus,delawarensis,NA,NA,NA,NA,NA,NA,NA,NA,NA
190,96,CSM,236,1,adult,190.1,Red-breasted Merganser,bird,taxon,Species,NA,feeding,free-living,free-living,predator,NA,high,migrant,NA,1040.5,NA,NA,species,"literature (generally the Birds of North America series (Poole & Gill, eds 1992-2003) or Sibley 2003)",0.05,0.1978658,22,0.0518401,0.20587937,22,"quantification, estuary-wide sampling",Kuris et al. (2008),Animalia,Chordata,Vertebrata,NA,Aves,NA,Anseriformes,NA,NA,NA,Anatidae,Mergus,serrator,NA,NA,NA,NA,NA,NA,NA,NA,NA
194,97,CSM,240,1,adult,194.1,Ruddy Duck,bird,taxon,Species,NA,feeding,free-living,free-living,predator,NA,high,migrant,NA,560,NA,NA,species,"literature (generally the Birds of North America series (Poole & Gill, eds 1992-2003) or Sibley 2003)",0,0.0344118,22,0.0019375,0.01927061,22,"quantification, estuary-wide sampling",Kuris et al. (2008),Animalia,Chordata,Vertebrata,NA,Aves,NA,Anseriformes,NA,NA,NA,Anatidae,Oxyura,jamaicensis,NA,NA,NA,NA,NA,NA,NA,NA,NA
197,98,CSM,243,1,adult,197.1,Semipalmated Plover,bird,taxon,Species,NA,feeding,free-living,free-living,predator,NA,high,migrant,NA,46.95,NA,NA,species,"literature (generally the Birds of North America series (Poole & Gill, eds 1992-2003) or Sibley 2003)",0.15,1.48658971,22,0.0070175,0.06979539,22,"quantification, estuary-wide sampling",Kuris et al. (2008),Animalia,Chordata,Vertebrata,NA,Aves,NA,Charadriiformes,NA,NA,NA,Chardridae,Charadrius,semipalmatus,NA,NA,NA,NA,NA,NA,NA,NA,NA
198,99,CSM,244,1,adult,198.1,Snowy Egret,bird,taxon,Species,NA,feeding,free-living,free-living,predator,NA,high,migrant,NA,369,NA,NA,species,"literature (generally the Birds of North America series (Poole & Gill, eds 1992-2003) or Sibley 2003)",0.21,0.50026497,22,0.0758358,0.18459777,22,"quantification, estuary-wide sampling",Kuris et al. (2008),Animalia,Chordata,Vertebrata,NA,Aves,NA,Ciconiiformes,NA,NA,NA,Ardeidae,Egretta,thula,NA,NA,NA,NA,NA,NA,NA,NA,NA
201,100,CSM,247,1,adult,201.1,Spotted Sandpiper,bird,taxon,Species,NA,feeding,free-living,free-living,predator,NA,high,migrant,NA,44.1,NA,NA,species,"literature (generally the Birds of North America series (Poole & Gill, eds 1992-2003) or Sibley 2003)",0.01,0.0604281,22,0.0003662,0.00266488,22,"quantification, estuary-wide sampling",Kuris et al. (2008),Animalia,Chordata,Vertebrata,NA,Aves,NA,Charadriiformes,NA,NA,NA,Scolopacidae,Actitus,macularia,NA,NA,NA,NA,NA,NA,NA,NA,NA
202,101,CSM,248,1,adult,202.1,Surf Scoter,bird,taxon,Species,NA,feeding,free-living,free-living,predator,NA,high,migrant,NA,950,NA,NA,species,"literature (generally the Birds of North America series (Poole & Gill, eds 1992-2003) or Sibley 2003)",0,0.02752944,22,0.0026295,0.02615297,22,"quantification, estuary-wide sampling",Kuris et al. (2008),Animalia,Chordata,Vertebrata,NA,Aves,NA,Anseriformes,NA,NA,NA,Anatidae,Melanitta,perspicillata,NA,NA,NA,NA,NA,NA,NA,NA,NA
204,102,CSM,250,1,adult,204.1,Turkey Vulture,bird,taxon,Species,NA,feeding,free-living,free-living,detritivore,NA,high,migrant,NA,1430,NA,NA,species,"literature (generally the Birds of North America series (Poole & Gill, eds 1992-2003) or Sibley 2003)",0,0.0344118,22,0.0470025,0.04920887,22,"quantification, estuary-wide sampling",Kuris et al. (2008),Animalia,Chordata,Vertebrata,NA,Aves,NA,Falconiformes,NA,NA,NA,Cathartidae,Catjartes,aura,NA,NA,NA,NA,NA,NA,NA,NA,NA
205,103,CSM,251,1,adult,205.1,Western Grebe,bird,taxon,Species,NA,feeding,free-living,free-living,predator,NA,high,migrant,NA,1314,NA,NA,species,"literature (generally the Birds of North America series (Poole & Gill, eds 1992-2003) or Sibley 2003)",0.02,0.16517663,22,0.0218222,0.2170421,22,"quantification, estuary-wide sampling",Kuris et al. (2008),Animalia,Chordata,Vertebrata,NA,Aves,NA,Podicipediformes,NA,NA,NA,Podicipedidae,Aechmophorus,occidentalis,NA,NA,NA,NA,NA,NA,NA,NA,NA
207,104,CSM,253,1,adult,207.1,Western Sandpiper,bird,taxon,Species,NA,feeding,free-living,free-living,predator,NA,high,migrant,NA,24.2,NA,NA,species,"literature (generally the Birds of North America series (Poole & Gill, eds 1992-2003) or Sibley 2003)",0.01,0.04308039,22,0.0001507,0.00104255,22,"quantification, estuary-wide sampling",Kuris et al. (2008),Animalia,Chordata,Vertebrata,NA,Aves,NA,Charadriiformes,NA,NA,NA,Scolopacidae,Calidris,mauri,NA,NA,NA,NA,NA,NA,NA,NA,NA
208,105,CSM,254,1,adult,208.1,Whimbrel,bird,taxon,Species,NA,feeding,free-living,free-living,predator,NA,high,resident,NA,404,NA,NA,species,"literature (generally the Birds of North America series (Poole & Gill, eds 1992-2003) or Sibley 2003)",0.05,0.24759979,22,0.0192895,0.10003031,22,"quantification, estuary-wide sampling",Kuris et al. (2008),Animalia,Chordata,Vertebrata,NA,Aves,NA,Charadriiformes,NA,NA,NA,Scolopacidae,Numenius,phaeopus,NA,NA,NA,NA,NA,NA,NA,NA,NA
209,106,CSM,255,1,adult,209.1,Willet,bird,taxon,Species,NA,feeding,free-living,free-living,predator,NA,high,migrant,NA,270,NA,NA,species,"literature (generally the Birds of North America series (Poole & Gill, eds 1992-2003) or Sibley 2003)",2.63,13.5993499,22,0.7094073,3.67182446,22,"quantification, estuary-wide sampling",Kuris et al. (2008),Animalia,Chordata,Vertebrata,NA,Aves,NA,Charadriiformes,NA,NA,NA,Scolopacidae,Catoptrophorus,semipalmatus,NA,NA,NA,NA,NA,NA,NA,NA,NA
210,107,CSM,256,1,adult,210.1,Raccoon,mammal,taxon,Species,NA,feeding,free-living,free-living,predator,NA,high,resident,NA,6000,NA,NA,species,literature (Nowak 1991; Wilson&Ruff 1999),NA,NA,NA,0.9857072,NA,NA,field experience,"based on nocturnal field observations and latrines, 10 individuals at csm, 0 epb, 0 bsq",Animalia,Chordata,Vertebrata,NA,Mammalia,NA,Carnivora,NA,NA,NA,Procyonidae,Procyon,locator,NA,0,0,0,1,0,0,0,1
211,108,CSM,257,1,adult,211.1,copepod-thalassinidean,copepod,taxon,Family,likely two species,feeding,commensal,commensal,predator,NA,NA,NA,NA,0.00011485,NA,NA,approximation,mean volumetric across two Hemicyclops spp in literature,NA,NA,NA,NA,NA,NA,NA,NA,Animalia,Arthropoda,Crustacea,NA,Copepoda,NA,Cyclopoida,NA,NA,NA,Clausidiidae,NA,NA,NA,NA,NA,NA,NA,NA,NA,NA,NA
212,109,CSM,258,1,adult,212.1,Salt Marsh Bird's Beak,vascular plant,taxon,Species,NA,autotroph,infectious,infectious,macroparasite,NA,NA,NA,NA,NA,NA,NA,NA,NA,NA,NA,NA,95.2,NA,NA,"approximation, quantified ratio",apply relative abundance in point count transects of Salicornia virginica to biomass of Sv),Plantae,NA,NA,NA,NA,NA,NA,NA,NA,NA,Scrophulariaceae,Cordylanthus,maritimus,NA,1,1,1,1,1,1,1,1
213,110,CSM,259,1,adult,213.1,Dodder,vascular plant,taxon,Species,NA,autotroph,infectious,infectious,macroparasite,NA,NA,NA,NA,NA,NA,NA,NA,NA,NA,NA,NA,120.07843,NA,NA,"quantification, estuary-wide sampling",Kuris et al. (2008),Plantae,NA,NA,NA,NA,NA,NA,NA,NA,NA,Convolvulaceae,Cuscuta,salina,NA,1,1,1,1,1,1,1,1
350,111,CSM,,,,,,Wave Attenuation,ES,service,,service,service,,,ES,,,,,,,,,,,,,,,,,,,,,,,,,,,,,,,,,,,,,,
450,112,CSM,,,,,,Shoreline Stabilization,ES,service,,service,service,,,ES,,,,,,,,,,,,,,,,,,,,,,,,,,,,,,,,,,,,,,
550,113,CSM,,,,,,Carbon Sequestration,ES,service,,service,service,,,ES,,,,,,,,,,,,,,,,,,,,,,,,,,,,,,,,,,,,,,
650,114,CSM,,,,,,Water Filtration,ES,service,,service,service,,,ES,,,,,,,,,,,,,,,,,,,,,,,,,,,,,,,,,,,,,,
750,115,CSM,,,,,,Fishery,ES,service,,service,service,,,ES,,,,,,,,,,,,,,,,,,,,,,,,,,,,,,,,,,,,,,
850,116,CSM,,,,,,Birdwatching,ES,service,,service,service,,,ES,,,,,,,,,,,,,,,,,,,,,,,,,,,,,,,,,,,,,,
950,117,CSM,,,,,,Waterfowl Hunting,ES,service,,service,service,,,ES,,,,,,,,,,,,,,,,,,,,,,,,,,,,,,,,,,,,,,
