SpeciesID,Position,System,NodeID,StageID,Stage,SpeciesID.StageID,WorkingName,OrganismalGroup,NodeType,Resolution,ResolutionNotes,Feeding,Lifestyle(stage),Lifestyle(species),ConsumerStrategy(stage),HabitatAffiliation,Mobility,Residency,NativeStatus,BodySize(g),BodySizeSD,BodySizeN,BodySizeEstimation,BodySizeNotes,Abundance(no./ha),Abundance95%CL,AbundanceDF,Biomass(kg/ha),Biomass95%CL,BiomassDF,BiomassEstimation,BiomassNotes,Kingdom,Phylum,Subphylum,Superclass,Class,Subclass,Order,Suborder,Infraorder,Superfamily,Family,Genus,SpecificEpithet,NodeNotes,Wave Attenuation,Shoreline Stabilization,Water Filtration,Carbon Sequestration,WaveAttenuation.New,ShorelineStabilization.New,WaterFiltration.New,CarbonSequestration.New
4,4,EPB,4,1,adult,4.1,Saltwort,vascular plant,taxon,Species,NA,autotroph,free-living,free-living,autotroph,NA,low,resident,NA,NA,NA,NA,NA,NA,NA,NA,NA,4718,NA,NA,"quantification, estuary-wide sampling",Kuris et al. (2008),Plantae,NA,NA,NA,Angiospermae,NA,NA,NA,NA,NA,Bataceae,Batis,maritima,NA,1,1,1,1,1,1,1,1
6,5,EPB,6,1,adult,6.1,epipellic flora,microphytobenthos,taxon,assemblage,aggregated diverse assemblage of diatoms and cyanobacteria,autotroph,free-living,free-living,autotroph,NA,low,resident,NA,NA,NA,NA,NA,NA,NA,NA,NA,847.14,NA,NA,extrapolation from other estuary,extrapolated from csm,NA,NA,NA,NA,NA,NA,NA,NA,NA,NA,NA,NA,NA,NA,0,0,0,1,0,0,0,1
7,6,EPB,7,1,adult,7.1,Alkali Heath,vascular plant,taxon,Species,NA,autotroph,free-living,free-living,autotroph,NA,low,resident,NA,NA,NA,NA,NA,NA,NA,NA,NA,167.33333,NA,NA,"quantification, estuary-wide sampling",Kuris et al. (2008),Plantae,NA,NA,NA,Angiospermae,NA,NA,NA,NA,NA,Frankeneaceae,Frankenia,salina,NA,1,1,1,1,1,1,1,1
8,7,EPB,8,1,adult,8.1,Fleshy Jaumea,vascular plant,taxon,Species,NA,autotroph,free-living,free-living,autotroph,NA,low,resident,NA,NA,NA,NA,NA,NA,NA,NA,NA,1543.3333,NA,NA,"quantification, estuary-wide sampling",Kuris et al. (2008),Plantae,NA,NA,NA,Angiospermae,NA,NA,NA,NA,NA,Asteraceae,Jaumea,carnosa,NA,1,1,1,1,1,1,1,1
9,8,EPB,9,1,adult,9.1,California Sea Lavender,vascular plant,taxon,Species,NA,autotroph,free-living,free-living,autotroph,NA,low,resident,NA,NA,NA,NA,NA,NA,NA,NA,NA,6.6666667,NA,NA,"quantification, estuary-wide sampling",Kuris et al. (2008),Plantae,NA,NA,NA,Angiospermae,NA,NA,NA,NA,NA,Plumbaginaceae,Limonium,californicum,NA,1,1,1,1,1,1,1,1
10,9,EPB,10,1,adult,10.1,macroalgae,macroalgae,taxon,assemblage,"mostly the chlorophytes, Enteromorpha and Ulva",autotroph,free-living,free-living,autotroph,NA,low,resident,NA,NA,NA,NA,NA,NA,NA,NA,NA,912.32489,NA,NA,"approximation, quantified ratio",abundance in point count transects relative to Jaumaea carnosa X Jc biomass X 0.10,Plantae,NA,NA,NA,NA,NA,NA,NA,NA,NA,NA,NA,NA,NA,1,1,0,1,1,1,0,1
11,10,EPB,11,1,adult,11.1,Shore Grass,vascular plant,taxon,Species,NA,autotroph,free-living,free-living,autotroph,NA,low,resident,NA,NA,NA,NA,NA,NA,NA,NA,NA,310,NA,NA,"quantification, estuary-wide sampling",Kuris et al. (2008),Plantae,NA,NA,NA,Angiospermae,NA,NA,NA,NA,NA,Poaceae,Monanthocloe,littoralis,NA,1,1,1,1,1,1,1,1
12,11,EPB,12,1,adult,12.1,phytoplankton,vascular plant,taxon,assemblage,NA,autotroph,free-living,free-living,autotroph,NA,low,resident,NA,NA,NA,NA,NA,NA,NA,NA,NA,3384.7829,NA,NA,"quantification, limited sampling","epb lagoon phytoplankton cell densities from  Montes-Hugo & Alvarez-Borrego 2007, assuming mean cell can be approximated by 50micron diameter sphere, tissue density of 1.1 g/mL, applied to aquatic habitat (chans, flats, pans, with mean depth of 0.5 m",Plantae,NA,NA,NA,NA,NA,NA,NA,NA,NA,NA,NA,NA,NA,0,1,1,1,0,1,1,1
14,12,EPB,14,1,adult,14.1,Annual Pickleweed,vascular plant,taxon,Species,NA,autotroph,free-living,free-living,autotroph,NA,low,resident,NA,NA,NA,NA,NA,NA,NA,NA,NA,1616,NA,NA,"quantification, estuary-wide sampling",Kuris et al. (2008),Plantae,NA,NA,NA,Angiospermae,NA,NA,NA,NA,NA,Chenopodiaceae,Salicornia,biglovii,NA,1,1,1,1,1,1,1,1
16,13,EPB,16,1,adult,16.1,Pickleweed,vascular plant,taxon,Species,NA,autotroph,free-living,free-living,autotroph,NA,low,resident,NA,NA,NA,NA,NA,NA,NA,NA,NA,1958.2263,NA,NA,"quantification, estuary-wide sampling",Kuris et al. (2008),Plantae,NA,NA,NA,Angiospermae,NA,NA,NA,NA,NA,Chenopodiaceae,Salicornia,virginica,NA,1,1,1,1,1,1,1,1
17,14,EPB,17,1,adult,17.1,California Cordgrass,vascular plant,taxon,Species,NA,autotroph,free-living,free-living,autotroph,NA,low,resident,NA,NA,NA,NA,NA,NA,NA,NA,NA,9030,NA,NA,"quantification, estuary-wide sampling",Kuris et al. (2008),Plantae,NA,NA,NA,Angiospermae,NA,NA,NA,NA,NA,Poaceae,Spartina,foliosa,NA,1,1,1,1,1,1,1,1
21,15,EPB,21,1,adult,21.1,foraminiferan,protist,taxon,Species,NA,feeding,free-living,free-living,predator,NA,low,resident,NA,2.43E-05,NA,10,species,volumetric,NA,NA,NA,0.3169104,NA,NA,extrapolation from other estuary,"CSM plankton cores, adjusted for habitat area",Protozoa,Foraminifera,NA,NA,NA,NA,NA,NA,NA,NA,NA,NA,NA,in plankton samples,0,0,0,0,0,0,0,0
22,16,EPB,22,1,adult,22.1,annelid,annelid,life stage,Species,NA,feeding,free-living,free-living,predator,NA,low,resident,NA,0.00651882,0.00480078,13,population,individuals encountered during the random sampling described in Kuris et al. (2008),45323.68,85669.1295,6,0.2154143,0.46129557,6,"quantification, estuary-wide sampling",Kuris et al. (2008),Animalia,Annelida,NA,NA,Polychaeta,NA,NA,NA,NA,NA,NA,NA,NA,NA,0,0,0,0,0,0,0,0
23,17,EPB,48,2,larva,23.2,annelid red,annelid,life stage,Species,NA,feeding,free-living,free-living,predator,NA,high,resident,NA,3.37E-05,NA,10,approximation,estimated volumetrically from a CSM plankton sample,NA,NA,NA,0.0003418,NA,NA,extrapolation and quantified apportionment,apportioned polychaete larvae and bivalve larvae biomass (quantified in csm plankton cores) to spp based on their adult/juvy proportional biomass abundances in the 3 estuaries),Animalia,Annelida,NA,NA,Polychaeta,NA,NA,NA,NA,NA,NA,NA,NA,NA,0,0,0,0,0,0,0,0
26,18,EPB,51,2,larva,26.2,capitellid?,annelid,life stage,Species,NA,feeding,free-living,free-living,predator,NA,high,resident,NA,3.37E-05,NA,10,approximation,estimated volumetrically from a CSM plankton sample,NA,NA,NA,0.0003893,NA,NA,extrapolation and quantified apportionment,apportioned polychaete larvae and bivalve larvae biomass (quantified in csm plankton cores) to spp based on their adult/juvy proportional biomass abundances in the 3 estuaries),Animalia,Annelida,NA,NA,Polychaeta,NA,NA,NA,NA,NA,NA,NA,NA,NA,0,0,0,0,0,0,0,0
27,19,EPB,52,2,larva,27.2,cirratulid,annelid,life stage,Species,NA,nonfeeding,free-living,free-living,predator,NA,high,resident,NA,3.37E-05,NA,10,approximation,estimated volumetrically from a CSM plankton sample,NA,NA,NA,0.0020124,NA,NA,extrapolation and quantified apportionment,apportioned polychaete larvae and bivalve larvae biomass (quantified in csm plankton cores) to spp based on their adult/juvy proportional biomass abundances in the 3 estuaries),Animalia,Annelida,NA,NA,Polychaeta,NA,NA,NA,NA,NA,Cirratulidae,NA,NA,NA,0,0,0,0,0,0,0,0
28,20,EPB,28,1,adult,28.1,cirratulid?,annelid,life stage,Species,NA,feeding,free-living,free-living,detritivore,NA,low,resident,NA,0.00363676,0.00063182,3,population,individuals encountered during the random sampling described in Kuris et al. (2008),45665.31,91287.4263,7.02573355,0.1858367,0.38240509,7.01016938,"quantification, estuary-wide sampling",Kuris et al. (2008),Animalia,Annelida,NA,NA,Polychaeta,NA,NA,NA,NA,NA,NA,NA,NA,NA,0,0,0,0,0,0,0,0
29,21,EPB,54,2,larva,29.2,Cirriformia spirabrancha,annelid,life stage,Species,NA,nonfeeding,free-living,free-living,predator,NA,high,resident,NA,3.37E-05,NA,10,approximation,estimated volumetrically from a CSM plankton sample,NA,NA,NA,0.0003137,NA,NA,extrapolation and quantified apportionment,apportioned polychaete larvae and bivalve larvae biomass (quantified in csm plankton cores) to spp based on their adult/juvy proportional biomass abundances in the 3 estuaries),Animalia,Annelida,NA,NA,Polychaeta,NA,NA,NA,NA,NA,Cirratulidae,Cirriformia,spirabrancha,NA,0,0,0,0,0,0,0,0
30,22,EPB,55,2,larva,30.2,ctenodrilid,annelid,life stage,Species,NA,nonfeeding,free-living,free-living,predator,NA,high,resident,NA,3.37E-05,NA,10,approximation,estimated volumetrically from a CSM plankton sample,NA,NA,NA,0.0761317,NA,NA,extrapolation and quantified apportionment,apportioned polychaete larvae and bivalve larvae biomass (quantified in csm plankton cores) to spp based on their adult/juvy proportional biomass abundances in the 3 estuaries),Animalia,Annelida,NA,NA,Polychaeta,NA,NA,NA,NA,NA,Ctenodrilidae,NA,NA,NA,0,0,0,1,0,0,0,1
31,23,EPB,56,2,larva,31.2,errant annelid,annelid,life stage,Species,NA,feeding,free-living,free-living,predator,NA,high,resident,NA,3.37E-05,NA,10,approximation,estimated volumetrically from a CSM plankton sample,NA,NA,NA,0.0018156,NA,NA,extrapolation and quantified apportionment,apportioned polychaete larvae and bivalve larvae biomass (quantified in csm plankton cores) to spp based on their adult/juvy proportional biomass abundances in the 3 estuaries),Animalia,Annelida,NA,NA,Polychaeta,NA,NA,NA,NA,NA,NA,NA,NA,NA,0,0,0,0,0,0,0,0
32,24,EPB,32,1,adult,32.1,errant large annelid,annelid,life stage,Species,NA,feeding,free-living,free-living,detritivore,NA,low,resident,NA,0.00990495,NA,1,population,individuals encountered during the random sampling described in Kuris et al. (2008),26482.11,62620.2475,7,0.262304,0.62025027,7,"quantification, estuary-wide sampling",Kuris et al. (2008),Animalia,Annelida,NA,NA,Polychaeta,NA,NA,NA,NA,NA,NA,NA,NA,NA,0,0,0,0,0,0,0,0
33,25,EPB,58,2,larva,33.2,Neanthes,annelid,life stage,Species,NA,nonfeeding,free-living,free-living,predator,NA,high,resident,NA,3.37E-05,NA,10,approximation,estimated volumetrically from a CSM plankton sample,NA,NA,NA,0.0167669,NA,NA,extrapolation and quantified apportionment,apportioned polychaete larvae and bivalve larvae biomass (quantified in csm plankton cores) to spp based on their adult/juvy proportional biomass abundances in the 3 estuaries),Animalia,Annelida,NA,NA,Polychaeta,NA,NA,NA,NA,NA,Nereidae,Neanthes,NA,NA,0,0,0,1,0,0,0,1
35,26,EPB,35,1,adult,35.1,oligochaete,annelid,taxon,Class,NA,feeding,free-living,free-living,detritivore,NA,low,resident,NA,0.00114,NA,NA,approximation,"literature (size of Tubificoides denouxi, Shirley & Loden 1982)",NA,NA,NA,NA,NA,NA,NA,NA,Animalia,Annelida,NA,NA,Oligocheate,NA,NA,NA,NA,NA,NA,NA,NA,NA,0,0,0,0,0,0,0,0
45,27,EPB,45,1,adult,45.1,spionid,annelid,life stage,Species,NA,feeding,free-living,free-living,predator,NA,low,resident,NA,0.00635377,0.00282134,7,population,individuals encountered during the random sampling described in Kuris et al. (2008),82254.75,187930.737,7.00000778,0.7555735,1.75928686,7.00000033,"quantification, estuary-wide sampling",Kuris et al. (2008),Animalia,Annelida,NA,NA,Polychaeta,NA,NA,NA,NA,NA,Spionidae,NA,NA,NA,0,0,0,0,0,0,0,0
46,28,EPB,46,1,adult,46.1,spionid?,annelid,life stage,Species,NA,feeding,free-living,free-living,predator,NA,low,resident,NA,0.00936255,0.00054318,3,population,individuals encountered during the random sampling described in Kuris et al. (2008),79446.34,187860.742,7,0.7438207,1.75885642,7,"quantification, estuary-wide sampling",Kuris et al. (2008),Animalia,Annelida,NA,NA,Polychaeta,NA,NA,NA,NA,NA,Spionidae,NA,NA,NA,0,0,0,0,0,0,0,0
47,29,EPB,71,1,adult,47.1,leech(glossiphonid),leech,taxon,Family,NA,feeding,free-living,free-living,micropredator,NA,NA,NA,NA,NA,NA,NA,NA,NA,NA,NA,NA,NA,NA,NA,NA,NA,Animalia,Annelida,NA,NA,Hirudinoidea,NA,NA,NA,NA,NA,Glossiphoniidae,NA,NA,NA,0,0,0,0,0,0,0,0
48,30,EPB,72,1,adult,48.1,anthozoan,anthozoan,taxon,Species,NA,feeding,free-living,free-living,predator,NA,low,resident,NA,0.00107102,0.00041662,8,population,individuals encountered during the random sampling described in Kuris et al. (2008),123834.1,251337.839,7.00066499,0.1457383,0.3055195,7.00020738,"quantification, estuary-wide sampling",Kuris et al. (2008),Animalia,Cnidaria,NA,NA,Anthozoa,NA,NA,NA,NA,NA,NA,NA,NA,NA,0,0,0,0,0,0,0,0
49,31,EPB,73,1,adult,49.1,brown cucumber,holothurian,taxon,Species,NA,feeding,free-living,free-living,detritivore,NA,low,resident,NA,0.01494624,0.00971072,8,population,individuals encountered during the random sampling described in Kuris et al. (2008),190410.76,291083.415,7.00003934,2.6950438,5.45879959,7.00007436,"quantification, estuary-wide sampling",Kuris et al. (2008),Animalia,Echinodermata,NA,NA,Holothuroidea,NA,NA,NA,NA,NA,NA,NA,NA,NA,0,0,0,1,0,0,0,1
50,32,EPB,74,1,adult,50.1,Carcinonemertes sp.,nemertean,taxon,Species,NA,feeding,infectious,infectious,macroparasite,NA,NA,NA,NA,0.000176,NA,NA,species,volumetric; (mean L from Kuris 1978 & lxw ratio from Shields & Kuris 1989),NA,NA,NA,NA,NA,NA,NA,NA,Animalia,Nemertea,NA,NA,NA,NA,NA,NA,NA,NA,Carcinonemertidae,Carcinonemertes,sp.,"also considered a ""symbiotic egg predator""",0,0,0,0,0,0,0,0
52,33,EPB,76,1,adult,52.1,cucumber,holothurian,taxon,Species,NA,feeding,free-living,free-living,detritivore,NA,low,resident,NA,0.01306699,NA,1,population,individuals encountered during the random sampling described in Kuris et al. (2008),26482.11,62620.2475,7,0.3460415,0.8182581,7,"quantification, estuary-wide sampling",Kuris et al. (2008),Animalia,Echinodermata,NA,NA,Holothuroidea,NA,NA,NA,NA,NA,NA,NA,NA,NA,0,0,0,0,0,0,0,0
53,34,EPB,77,1,adult,53.1,nemertean,nemertean,taxon,Species,NA,feeding,free-living,free-living,predator,NA,low,resident,NA,0.00355665,0.00163304,4,population,individuals encountered during the random sampling described in Kuris et al. (2008),110964.42,164408.265,7.00038936,0.4297778,0.70001138,7.00037547,"quantification, estuary-wide sampling",Kuris et al. (2008),Animalia,Nemertea,NA,NA,NA,NA,NA,NA,NA,NA,NA,NA,NA,NA,0,0,0,0,0,0,0,0
55,35,EPB,79,1,adult,55.1,phoronid,phoronid,taxon,Species,NA,feeding,free-living,free-living,predator,NA,low,resident,NA,0.00244201,NA,81,population,individuals encountered during the random sampling described in Kuris et al. (2008),2162705.92,4784073.2,7,5.2813597,11.6827772,7,"quantification, estuary-wide sampling",Kuris et al. (2008),Animalia,Phoronida,NA,NA,NA,NA,NA,NA,NA,NA,NA,NA,NA,NA,0,0,0,1,0,0,0,1
56,36,EPB,80,1,adult,56.1,turbellarian,turbellarian,taxon,Species,NA,feeding,free-living,free-living,detritivore,NA,low,resident,NA,0.00296524,NA,1,population,individuals encountered during the random sampling described in Kuris et al. (2008),26482.11,62620.2475,7,0.0785259,0.18568412,7,"quantification, estuary-wide sampling",Kuris et al. (2008),Animalia,Platyhelminthes,NA,NA,Turbellaria,NA,NA,NA,NA,NA,NA,NA,NA,NA,0,0,0,0,0,0,0,0
57,37,EPB,81,1,adult,57.1,white cucumber,holothurian,taxon,Species,NA,feeding,free-living,free-living,detritivore,NA,low,resident,NA,0.01417997,0.00656172,5,population,individuals encountered during the random sampling described in Kuris et al. (2008),150065.31,257223.792,7,1.9206915,4.257917,7,"quantification, estuary-wide sampling",Kuris et al. (2008),Animalia,Echinodermata,NA,NA,Holothuroidea,NA,NA,NA,NA,NA,NA,NA,NA,NA,0,0,0,1,0,0,0,1
58,38,EPB,82,1,adult,58.1,white nemertean,nemertean,taxon,Species,NA,feeding,free-living,free-living,predator,NA,low,resident,NA,0.00656563,0.00132348,4,population,individuals encountered during the random sampling described in Kuris et al. (2008),105928.45,250480.99,7,0.6954868,1.644565,7,"quantification, estuary-wide sampling",Kuris et al. (2008),Animalia,Nemertea,NA,NA,NA,NA,NA,NA,NA,NA,NA,NA,NA,NA,0,0,0,0,0,0,0,0
59,39,EPB,83,1,adult,59.1,Chione californiensis,bivalve,life stage,Species,NA,feeding,free-living,free-living,predator,NA,low,resident,NA,3.5111445,2.94380159,4,population,individuals encountered during the random sampling described in Kuris et al. (2008),14641.07,25962.2489,7,33.214136,54.6824268,7,"quantification, estuary-wide sampling",Kuris et al. (2008),Animalia,Mollusca,NA,NA,Bivalvia,NA,NA,NA,NA,NA,Veneridae,Chione,californiensis,NA,0,0,1,1,0,0,1,1
60,40,EPB,84,1,adult,60.1,Chione fluctifraga,bivalve,life stage,Species,NA,feeding,free-living,free-living,predator,NA,low,resident,NA,6.25426222,NA,1,population,individuals encountered during the random sampling described in Kuris et al. (2008),1220.16,2985.62891,6,7.6312132,18.6729061,6,"quantification, estuary-wide sampling",Kuris et al. (2008),Animalia,Mollusca,NA,NA,Bivalvia,NA,NA,NA,NA,NA,Veneridae,Chione,fluctifraga,NA,0,0,1,1,0,0,1,1
61,41,EPB,85,1,adult,61.1,California Softshell Clam,bivalve,life stage,Species,NA,feeding,free-living,free-living,predator,NA,low,resident,NA,0.18284959,0.08055812,6,population,individuals encountered during the random sampling described in Kuris et al. (2008),60261.54,139953.072,4.00344077,7.4505812,14.4726662,4.20881053,"quantification, estuary-wide sampling",Kuris et al. (2008),Animalia,Mollusca,NA,NA,Bivalvia,NA,NA,NA,NA,NA,Myidae,Cryptomya,californica,NA,0,0,1,1,0,0,1,1
62,42,EPB,102,2,larva,62.2,Ribbed Mussel,bivalve,life stage,Species,NA,feeding,free-living,free-living,predator,NA,high,resident,NA,3.63E-05,NA,NA,approximation,average bivalve veliger encountered in csm plankton samples,NA,NA,NA,0.0476137,NA,NA,extrapolation and quantified apportionment,apportioned polychaete larvae and bivalve larvae biomass (quantified in csm plankton cores) to spp based on their adult/juvy proportional biomass abundances in the 3 estuaries),Animalia,Mollusca,NA,NA,Bivalvia,NA,NA,NA,NA,NA,Mytilidae,Geukensia,demissa,NA,0,0,1,1,0,0,1,1
63,43,EPB,87,1,adult,63.1,Pacific Eggcockle,bivalve,life stage,Species,NA,feeding,free-living,free-living,predator,NA,low,resident,NA,0.14450565,0.12450535,2,population,individuals encountered during the random sampling described in Kuris et al. (2008),4013.71,8448.76566,7.00439556,0.3096666,0.52331401,8.24300617,"quantification, estuary-wide sampling",Kuris et al. (2008),Animalia,Mollusca,NA,NA,Bivalvia,NA,NA,NA,NA,NA,Cardiidae,Laevicardium,substriatum,NA,0,0,1,0,0,0,1,0
64,44,EPB,88,1,adult,64.1,Bent-nosed Clam,bivalve,life stage,Species,NA,feeding,free-living,free-living,predator,NA,low,resident,NA,1.83610916,0.89957012,2,population,individuals encountered during the random sampling described in Kuris et al. (2008),7084.39,16751.9133,7,13.007708,30.7583415,7,"quantification, estuary-wide sampling",Kuris et al. (2008),Animalia,Mollusca,NA,NA,Bivalvia,NA,NA,NA,NA,NA,Tellinidae,Macoma,nasuta,NA,0,0,1,1,0,0,1,1
68,45,EPB,92,1,adult,68.1,Pacific Littleneck Clam,bivalve,life stage,Species,NA,feeding,free-living,free-living,predator,NA,low,resident,NA,2.84970943,NA,1,population,individuals encountered during the random sampling described in Kuris et al. (2008),628.69,1538.35795,6,1.7915942,4.38387316,6,"quantification, estuary-wide sampling",Kuris et al. (2008),Animalia,Mollusca,NA,NA,Bivalvia,NA,NA,NA,NA,NA,Veneridae,Protothaca,staminea,NA,0,0,1,1,0,0,1,1
69,46,EPB,109,2,larva,69.2,Protothaca?,bivalve,life stage,Species,NA,feeding,free-living,free-living,predator,NA,high,resident,NA,3.63E-05,NA,NA,approximation,average bivalve veliger encountered in csm plankton samples,NA,NA,NA,0.0001361,NA,NA,extrapolation and quantified apportionment,apportioned polychaete larvae and bivalve larvae biomass (quantified in csm plankton cores) to spp based on their adult/juvy proportional biomass abundances in the 3 estuaries),Animalia,Mollusca,NA,NA,Bivalvia,NA,NA,NA,NA,NA,Veneridae,NA,NA,NA,0,0,1,1,0,0,1,1
71,47,EPB,95,1,adult,71.1,Fat Jackknife Clam,bivalve,life stage,Species,NA,feeding,free-living,free-living,predator,NA,low,resident,NA,4.87004429,NA,1,population,individuals encountered during the random sampling described in Kuris et al. (2008),471.52,1153.76846,6,2.2963245,5.6189035,6,"quantification, estuary-wide sampling",Kuris et al. (2008),Animalia,Mollusca,NA,NA,Bivalvia,NA,NA,NA,NA,NA,Psammobiidae,Tagelus,affinis,NA,0,0,1,1,0,0,1,1
73,48,EPB,97,1,adult,73.1,Lesser Tagelus,bivalve,life stage,Species,NA,feeding,free-living,free-living,predator,NA,low,resident,NA,2.04512797,1.92843458,41,population,individuals encountered during the random sampling described in Kuris et al. (2008),104793.32,108254.393,7.00245346,241.99,225.680577,7.00201836,"quantification, estuary-wide sampling",Kuris et al. (2008),Animalia,Mollusca,NA,NA,Bivalvia,NA,NA,NA,NA,NA,Psammobiidae,Tagelus,subteres,NA,0,0,1,1,0,0,1,1
74,49,EPB,98,1,adult,74.1,unk bivalve,bivalve,life stage,Species,NA,feeding,free-living,free-living,predator,NA,low,resident,NA,0.88111393,0.56925507,4,population,individuals encountered during the random sampling described in Kuris et al. (2008),19245.92,29918.9434,7,23.309543,42.6734808,7,"quantification, estuary-wide sampling",Kuris et al. (2008),Animalia,Mollusca,NA,NA,Bivalvia,NA,NA,NA,NA,NA,NA,NA,NA,NA,0,0,1,1,0,0,1,1
75,50,EPB,115,1,adult,75.1,Acteocina inculta,snail,taxon,Species,NA,feeding,free-living,free-living,predator,NA,low,resident,NA,0.00650196,NA,NA,species,mean of csm & bsq,NA,NA,NA,2.6160855,NA,NA,extrapolation from other estuary,mean of csm&bsq; forced presence because assume 1st int. host for Hysterolecitha),Animalia,Mollusca,NA,NA,Gastropoda,NA,NA,NA,NA,NA,Scaphandridae,Acteocina,inculta,NA,0,-1,0,1,0,0,0,1
76,51,EPB,116,1,adult,76.1,California Assiminea,snail,taxon,Species,NA,feeding,free-living,free-living,detritivore,NA,low,resident,NA,0.00218564,NA,NA,species,mean of csm & bsq,NA,NA,NA,3.7272634,NA,NA,extrapolation from other estuary,mean of csm&bsq;forced presence because assume 1st int. host for ass.microphallid-trem.mc),Animalia,Mollusca,NA,NA,Gastropoda,NA,NA,NA,NA,NA,Assimineidae,Assiminea,californica,NA,0,-1,0,1,0,0,0,1
78,52,EPB,118,1,adult,78.1,Cloudy Bubble Snail,snail,taxon,Species,NA,feeding,free-living,free-living,predator,NA,low,resident,NA,0.16392734,0.09097491,2,population,individuals encountered during the random sampling described in Kuris et al. (2008),7084.39,16751.9133,7,1.1613247,2.74609659,7,"quantification, estuary-wide sampling",Kuris et al. (2008),Animalia,Mollusca,NA,NA,Gastropoda,NA,NA,NA,NA,NA,Bullidae,Bulla,gouldiana,NA,0,-1,0,1,0,0,0,1
79,53,EPB,119,1,adult,79.1,California Horn Snail,snail,taxon,Species,NA,feeding,free-living,free-living,predator,NA,low,resident,NA,0.72237749,0.28922151,3573,population,individuals encountered during the random sampling described in Kuris et al. (2008),1350870.8,1374715.95,4.02067572,854.39065,716.097812,4.02938504,"quantification, estuary-wide sampling",Kuris et al. (2008),Animalia,Mollusca,NA,NA,Gastropoda,NA,NA,NA,NA,NA,Potamididae,Cerithidea,californica,NA,0,-1,0,1,0,0,0,1
80,54,EPB,120,1,adult,80.1,Paper Bubble Snail,snail,taxon,Species,NA,feeding,free-living,free-living,predator,NA,low,resident,NA,0.05616945,0.00775684,6,population,individuals encountered during the random sampling described in Kuris et al. (2008),61892.31,98431.2095,8.05147561,3.3994578,5.33260262,7.94701145,"quantification, estuary-wide sampling",Kuris et al. (2008),Animalia,Mollusca,NA,NA,Gastropoda,NA,NA,NA,NA,NA,Haminoeidae,Haminoea,vesicula,NA,0,-1,0,1,0,0,0,1
81,55,EPB,121,1,adult,81.1,Littorina?,snail,taxon,Species,NA,feeding,free-living,free-living,predator,NA,low,resident,NA,0.08341169,NA,1,population,individuals encountered during the random sampling described in Kuris et al. (2008),3542.19,8375.95667,7,0.2954604,0.69865271,7,"quantification, estuary-wide sampling",Kuris et al. (2008),Animalia,Mollusca,NA,NA,Gastropoda,NA,NA,NA,NA,NA,NA,NA,NA,NA,0,-1,0,0,0,0,0,0
82,56,EPB,122,1,adult,82.1,Salt Marsh Snail,snail,taxon,Species,NA,feeding,free-living,free-living,detritivore,NA,low,resident,NA,0.22456482,0.09540984,76,population,individuals encountered during the random sampling described in Kuris et al. (2008),37590.81,23708.4751,4.33227155,9.3770047,5.71190205,4.2428339,"quantification, estuary-wide sampling",Kuris et al. (2008),Animalia,Mollusca,NA,NA,Gastropoda,NA,NA,NA,NA,NA,Ellobiidae,Melampus,olivaceus,NA,0,-1,0,1,0,0,0,1
83,57,EPB,123,1,adult,83.1,Nassarius tegula,snail,taxon,Species,NA,feeding,free-living,free-living,predator,NA,low,resident,NA,0.45077395,0.15568186,65,population,individuals encountered during the random sampling described in Kuris et al. (2008),64683.73,141172.517,7.00000022,30.698528,66.4143463,7.0000001,"quantification, estuary-wide sampling",Kuris et al. (2008),Animalia,Mollusca,NA,NA,Gastropoda,NA,NA,NA,NA,NA,Nassariidae,Nassarius,tegula,NA,0,-1,0,1,0,0,0,1
84,58,EPB,124,1,adult,84.1,opisthobranch,snail,taxon,Species,NA,feeding,free-living,free-living,detritivore,NA,low,resident,NA,0.00073107,NA,6,population,individuals encountered during the random sampling described in Kuris et al. (2008),264821.13,626202.475,7,0.1936015,0.45779481,7,"quantification, estuary-wide sampling",Kuris et al. (2008),Animalia,Mollusca,NA,NA,Gastropoda,Opistobranchia,NA,NA,NA,NA,NA,NA,NA,NA,0,-1,0,0,0,0,0,0
85,59,EPB,125,1,adult,85.1,pyramidellid,snail,taxon,Species,NA,feeding,free-living,free-living,micropredator,NA,low,resident,NA,0.00274767,NA,1,population,individuals encountered during the random sampling described in Kuris et al. (2008),26482.11,62620.2475,7,0.072764,0.17205962,7,"quantification, estuary-wide sampling",Kuris et al. (2008),Animalia,Mollusca,NA,NA,Gastropoda,NA,NA,NA,NA,NA,Pyramidellidae,NA,NA,NA,0,-1,0,0,0,0,0,0
86,60,EPB,126,1,adult,86.1,Black Salt Marsh Mosquito,mosquito,life stage,Species,NA,feeding,free-living,free-living,micropredator,NA,intermediate,resident,NA,0.0025,NA,NA,species,"literature (Koenraadt 2008) mass of congener, A. aegypti",NA,NA,NA,NA,NA,NA,NA,NA,Animalia,Arthropoda,Hexapoda,NA,NA,NA,Diptera,NA,NA,NA,Culicidae,Aedes,taeniorhynchus,NA,0,0,0,0,0,0,0,0
87,61,EPB,127,1,adult,87.1,Argulus,branchiuran,taxon,Genus,NA,feeding,free-living,free-living,micropredator,NA,NA,NA,NA,0.000264,NA,NA,species,volumetric; from photo on web,NA,NA,NA,NA,NA,NA,NA,NA,Animalia,Arthropoda,Crustacea,NA,Branchiura,NA,NA,NA,NA,NA,Argulidae,Argulus,NA,NA,0,0,0,0,0,0,0,0
90,62,EPB,152,2,larva,90.2,Western Encephalitis Mosquito,mosquito,life stage,Species,NA,feeding,free-living,free-living,detritivore,NA,low,resident,NA,0.00217,NA,NA,species,estimate from literature (Gray & Bradley 2003),NA,NA,NA,NA,NA,NA,NA,NA,Animalia,Arthropoda,Hexapoda,NA,NA,NA,Diptera,NA,NA,NA,Culicidae,Culex,tarsalis,NA,0,0,0,0,0,0,0,0
92,63,EPB,132,1,adult,92.1,cyclopoid copepod,copepod,taxon,Order,NA,feeding,free-living,free-living,predator,NA,low,resident,NA,8.28E-06,NA,NA,species,set equal to body size of those at csm,NA,NA,NA,0.0544776,NA,NA,extrapolation from other estuary,"CSM plankton cores, adjusted for habitat area",Animalia,Arthropoda,Crustacea,NA,Copepoda,NA,Cyclopoida,NA,NA,NA,NA,NA,NA,NA,0,0,0,0,0,0,0,0
94,64,EPB,134,1,adult,94.1,Ephydra,dipteran,life stage,Species,NA,feeding,free-living,free-living,predator,NA,intermediate,resident,NA,0.03373598,NA,NA,approximation,estimate (0 .75 larva),NA,NA,NA,0.524222,NA,NA,biomass vs. body size relationship,known biomass v. body size relationship across species (Hechinger et al. in prep)),Animalia,Arthropoda,Hexapoda,NA,NA,NA,Diptera,NA,NA,NA,Ephydridae,NA,NA,NA,0,0,0,0,0,0,0,0
95,65,EPB,135,1,adult,95.1,gammaridean,amphipod,taxon,Infraorder,NA,feeding,free-living,free-living,predator,NA,low,resident,NA,0.00563829,0.00436145,9,population,individuals encountered during the random sampling described in Kuris et al. (2008),386230.08,433560.37,10.4753659,2.6818352,4.54986779,4.24691236,"quantification, estuary-wide sampling",Kuris et al. (2008),Animalia,Arthropoda,Crustacea,NA,Malacostraca,NA,Amphipoda,Gammaridea,NA,NA,NA,NA,NA,NA,0,0,0,1,0,0,0,1
100,66,EPB,140,1,adult,100.1,harpacticoid,copepod,taxon,Order,NA,feeding,free-living,free-living,predator,NA,low,resident,NA,5.17E-06,NA,NA,approximation,approximated to copepod.thalassinidean,NA,NA,NA,0.306053,NA,NA,extrapolation from other estuary,"CSM plankton cores, adjusted for habitat area",Animalia,Arthropoda,Crustacea,NA,Copepoda,NA,Harpacticoida,NA,NA,NA,NA,NA,NA,NA,0,0,0,0,0,0,0,0
104,67,EPB,144,1,adult,104.1,ostracod-planktonic,ostracod,taxon,Class,NA,feeding,free-living,free-living,predator,NA,low,resident,NA,3.61E-05,NA,NA,species,set equal to body size of those at csm,NA,NA,NA,0.2614925,NA,NA,extrapolation from other estuary,"CSM plankton cores, adjusted for habitat area",Animalia,Arthropoda,Crustacea,NA,Ostracoda,NA,NA,NA,NA,NA,NA,NA,NA,NA,0,0,0,0,0,0,0,0
109,68,EPB,149,1,adult,109.1,Salt Marsh Hopper,amphipod,taxon,Species,NA,feeding,free-living,free-living,detritivore,NA,low,resident,NA,0.00360519,NA,NA,species,set equal to body size of those at bsq,NA,NA,NA,3.3067643,NA,NA,extrapolation from other estuary,"set = to bsq; know is present, not adequately sampled, but important resource)",Animalia,Arthropoda,Crustacea,NA,Malacostraca,NA,Amphipoda,NA,NA,NA,Talitridae,Traskorchestia,traskiana,NA,0,0,0,1,0,0,0,1
110,69,EPB,150,1,adult,110.1,Salt Marsh Water Boatman,water boatman,taxon,Species,NA,feeding,free-living,free-living,predator,NA,low,resident,NA,0.00360519,NA,NA,approximation,approximated to Traskorchestia traskiana,NA,NA,NA,0.6770569,NA,NA,biomass vs. body size relationship,known biomass v. body size relationship across species (Hechinger et al. in prep)),Animalia,Arthropoda,Hexapoda,NA,NA,NA,Hemiptera,NA,NA,NA,Corixidae,Trichocorixia,sp.,NA,0,0,0,0,0,0,0,0
111,70,EPB,157,1,adult,111.1,Calfornia Ghost Shrimp,burrowing shrimp,taxon,Species,NA,feeding,free-living,free-living,predator,NA,low,resident,NA,1.58558158,0.86808809,7,population,individuals encountered during the random sampling described in Kuris et al. (2008),29107.16,37240.6149,7.00000005,55.905694,70.8941533,7.00000001,"quantification, estuary-wide sampling",Kuris et al. (2008),Animalia,Arthropoda,Crustacea,NA,Malacostraca,NA,Decapoda,NA,NA,NA,Callianassidae,Neotrypaea,californiensis,NA,0,0,0,1,0,0,0,1
112,71,EPB,158,1,adult,112.1,Southern Mud Shrimp,burrowing shrimp,taxon,Species,NA,feeding,free-living,free-living,predator,NA,low,resident,NA,3.07112676,4.34353047,3,population,individuals encountered during the random sampling described in Kuris et al. (2008),10626.58,25127.87,7,32.635576,77.170874,7,"quantification, estuary-wide sampling",Kuris et al. (2008),Animalia,Arthropoda,Crustacea,NA,Malacostraca,NA,Decapoda,NA,NA,NA,Upogebiidae,Upogebia,macginitieorum,NA,0,0,0,1,0,0,0,1
113,72,EPB,159,1,adult,113.1,Green Shore Crab,crab,taxon,Species,NA,feeding,free-living,free-living,predator,NA,low,resident,NA,0.44680817,0.72373609,21,population,individuals encountered during the random sampling described in Kuris et al. (2008),7322.92,8983.40375,7.53774926,2.7576341,4.07638244,5.39546678,"quantification, estuary-wide sampling",Kuris et al. (2008),Animalia,Arthropoda,Crustacea,NA,Malacostraca,NA,Decapoda,NA,NA,NA,Grapsidae,Hemigrapsus,oregonensis,NA,0,-1,0,1,0,0,0,1
114,73,EPB,160,1,adult,114.1,Striped Shore Crab,crab,taxon,Species,NA,feeding,free-living,free-living,predator,NA,low,resident,NA,4.53440702,4.05536916,66,population,individuals encountered during the random sampling described in Kuris et al. (2008),13448.99,29011.7772,4.00203172,60.891253,134.770798,4.00348377,"quantification, estuary-wide sampling",Kuris et al. (2008),Animalia,Arthropoda,Crustacea,NA,Malacostraca,NA,Decapoda,NA,NA,NA,Grapsidae,Pachygrapsus,crassipes,NA,0,-1,0,1,0,0,0,1
115,74,EPB,161,1,adult,115.1,Fiddler Crab,crab,taxon,Species,NA,feeding,free-living,free-living,predator,NA,low,resident,NA,0.7787202,0.59051059,239,population,individuals encountered during the random sampling described in Kuris et al. (2008),96843.16,142282.525,4.00140221,51.551222,90.3389784,4.00013974,"quantification, estuary-wide sampling",Kuris et al. (2008),Animalia,Arthropoda,Crustacea,NA,Malacostraca,NA,Decapoda,NA,NA,NA,Oxypodidae,Uca,crenulata,NA,0,-1,0,1,0,0,0,1
117,75,EPB,163,1,adult,117.1,Californian Anchovy,fish,taxon,Species,NA,feeding,free-living,free-living,predator,NA,high,resident,NA,0.98261246,NA,1,population,individuals encountered during the random sampling described in Kuris et al. (2008),11.47,26.4447702,8,0.0112684,0.02598496,8,"quantification, estuary-wide sampling",Kuris et al. (2008),Animalia,Chordata,Vertebrata,NA,Osteichthyes,NA,Clupeiformes,NA,NA,NA,Engraulidae,Engraulis,mordax,NA,0,0,0,0,0,0,0,0
118,76,EPB,164,1,adult,118.1,Topsmelt,fish,taxon,Species,NA,feeding,free-living,free-living,predator,NA,high,resident,NA,0.39968098,32.8164376,8,population,individuals encountered during the random sampling described in Kuris et al. (2008),359.81,635.433967,8,0.1438439,0.19688096,8,"quantification, estuary-wide sampling",Kuris et al. (2008),Animalia,Chordata,Vertebrata,NA,Osteichthyes,NA,Atheriniformes,NA,NA,NA,Atherinopsidae,Atherinops,affinis,NA,0,0,0,0,0,0,0,0
119,77,EPB,165,1,adult,119.1,Arrow Goby,fish,taxon,Species,NA,feeding,free-living,free-living,predator,NA,low,resident,NA,0.31474977,14.0627395,13,population,individuals encountered during the random sampling described in Kuris et al. (2008),1295.42,1355.30734,5.00105323,0.3858801,0.43744334,5.00203598,"quantification, estuary-wide sampling",Kuris et al. (2008),Animalia,Chordata,Vertebrata,NA,Osteichthyes,NA,Perciformes,NA,NA,NA,Gobiidae,Clevelandia,ios,NA,0,0,0,0,0,0,0,0
121,78,EPB,167,1,adult,121.1,California Killifish,fish,taxon,Species,NA,feeding,free-living,free-living,predator,NA,high,resident,NA,1.33713308,22.0459914,14,population,individuals encountered during the random sampling described in Kuris et al. (2008),5834.76,10880.7317,5.00505136,8.1387516,11.7706917,5.29468715,"quantification, estuary-wide sampling",Kuris et al. (2008),Animalia,Chordata,Vertebrata,NA,Osteichthyes,NA,Cyprinodontiformes,NA,NA,NA,Fundulidae,Fundulus,parvipinnis,NA,0,0,0,1,0,0,0,1
122,79,EPB,168,1,adult,122.1,Long-jawed Mudsucker,fish,taxon,Species,NA,feeding,free-living,free-living,predator,NA,low,resident,NA,7.80927155,25.8033684,3,population,individuals encountered during the random sampling described in Kuris et al. (2008),3.01,4.25325636,9.67061805,0.0440355,0.08890225,2.08170775,"quantification, estuary-wide sampling",Kuris et al. (2008),Animalia,Chordata,Vertebrata,NA,Osteichthyes,NA,Perciformes,NA,NA,NA,Gobiidae,Gillichthys,mirabilis,NA,0,0,0,0,0,0,0,0
123,80,EPB,169,1,adult,123.1,Opaleye,fish,taxon,Species,NA,feeding,free-living,free-living,predator,NA,intermediate,resident,NA,0.65917564,NA,1,population,individuals encountered during the random sampling described in Kuris et al. (2008),0.25,0.57478261,8,0.0001643,0.00037888,8,"quantification, estuary-wide sampling",Kuris et al. (2008),Animalia,Chordata,Vertebrata,NA,Osteichthyes,NA,Perciformes,NA,NA,NA,Kyphosidae,Girella,nigricans,NA,0,0,0,0,0,0,0,0
124,81,EPB,170,1,adult,124.1,Bay Blenny,fish,taxon,Species,NA,feeding,free-living,free-living,predator,NA,intermediate,resident,NA,0.28675078,NA,1,population,individuals encountered during the random sampling described in Kuris et al. (2008),1.74,3.44869568,8,0.0004288,0.00098892,8,"quantification, estuary-wide sampling",Kuris et al. (2008),Animalia,Chordata,Vertebrata,NA,Osteichthyes,NA,Perciformes,NA,NA,NA,Blenniidae,Hypsoblennius,gentilis,NA,0,0,0,0,0,0,0,0
125,82,EPB,171,1,adult,125.1,Diamond Turbot,fish,taxon,Species,NA,feeding,free-living,free-living,predator,NA,intermediate,resident,NA,129.558012,NA,1,population,individuals encountered during the random sampling described in Kuris et al. (2008),15.95,40.9910604,5,2.0659604,5.31072029,5,"quantification, estuary-wide sampling",Kuris et al. (2008),Animalia,Chordata,Vertebrata,NA,Osteichthyes,NA,Pleuronectiformes,NA,NA,NA,Plueronectidae,Hypsopsetta,guttulata,NA,0,0,0,1,0,0,0,1
126,83,EPB,172,1,adult,126.1,Cheekspot Goby,fish,taxon,Species,NA,feeding,free-living,free-living,predator,NA,low,resident,NA,0.27779251,NA,3,population,individuals encountered during the random sampling described in Kuris et al. (2008),31.97,51.5793329,5.00000024,0.0105199,0.0169472,5.00000049,"quantification, estuary-wide sampling",Kuris et al. (2008),Animalia,Chordata,Vertebrata,NA,Osteichthyes,NA,Perciformes,NA,NA,NA,Gobiidae,Ilypnus,gilberti,NA,0,0,0,0,0,0,0,0
129,84,EPB,175,1,adult,129.1,Grey Smoothhound,elasmobranch,taxon,Species,NA,feeding,free-living,free-living,predator,NA,high,resident,NA,1256.2238,NA,NA,species,applied L to W regressions (FishBase) to estimates on general L of species in estuaries,NA,NA,NA,0.612106,NA,NA,"quantification, limited sampling",body weight multiplied by abundance estimates from Rosales Casi‡n (1997),Animalia,Chordata,Vertebrata,NA,Chondrichthyes,NA,Carcharhiniformes,NA,NA,NA,Triakidae,Mustelus,californicus,NA,0,0,0,0,0,0,0,0
130,85,EPB,176,1,adult,130.1,Sicklefin Smoothhound,elasmobranch,taxon,Species,NA,feeding,free-living,free-living,predator,NA,high,resident,NA,1256.2238,NA,NA,species,applied L to W regressions (FishBase) to estimates on general L of species in estuaries,NA,NA,NA,0.0680118,NA,NA,"quantification, limited sampling",body weight multiplied by abundance estimates from Rosales Casi‡n (1997),Animalia,Chordata,Vertebrata,NA,Chondrichthyes,NA,Carcharhiniformes,NA,NA,NA,Triakidae,Mustelus,lunulatus,NA,0,0,0,0,0,0,0,0
131,86,EPB,177,1,adult,131.1,California Bat Ray,elasmobranch,taxon,Species,NA,feeding,free-living,free-living,predator,NA,high,resident,NA,353.273946,NA,NA,species,applied L to W regressions (FishBase) to estimates on general L of species in estuaries,NA,NA,NA,0.1402588,NA,NA,"quantification, limited sampling",body weight multiplied by abundance estimates from Rosales Casi‡n (1997),Animalia,Chordata,Vertebrata,NA,Chondrichthyes,NA,Rajiformes,NA,NA,NA,Myliobatidae,Myliobatis,californica,NA,0,0,0,0,0,0,0,0
132,87,EPB,178,1,adult,132.1,California Halibut,fish,taxon,Species,NA,feeding,free-living,free-living,predator,NA,high,resident,NA,3.64311261,1.48792911,4,population,individuals encountered during the random sampling described in Kuris et al. (2008),132.68,328.040697,5.00000469,0.4806018,1.20191756,5.0000008,"quantification, estuary-wide sampling",Kuris et al. (2008),Animalia,Chordata,Vertebrata,NA,Osteichthyes,NA,Pleuronectiformes,NA,NA,NA,Paralichthyidae,Paralichthys,californicus,NA,0,0,0,0,0,0,0,0
133,88,EPB,179,1,adult,133.1,Spotted Sandbass,fish,taxon,Species,NA,feeding,free-living,free-living,predator,NA,high,resident,NA,1.8670342,NA,1,population,individuals encountered during the random sampling described in Kuris et al. (2008),31.89,81.9821207,5,0.0595443,0.15306342,5,"quantification, estuary-wide sampling",Kuris et al. (2008),Animalia,Chordata,Vertebrata,NA,Osteichthyes,NA,Perciformes,NA,NA,NA,Serranidae,Paralabrax,maculofasciatus,NA,0,0,0,0,0,0,0,0
134,89,EPB,180,1,adult,134.1,Thornback Ray,elasmobranch,taxon,Species,NA,feeding,free-living,free-living,predator,NA,high,resident,NA,434.268491,NA,NA,species,applied L to W regressions (FishBase) to estimates on general L of species in estuaries,NA,NA,NA,0.1332303,NA,NA,"quantification, limited sampling",body weight multiplied by abundance estimates from Rosales Casi‡n (1997),Animalia,Chordata,Vertebrata,NA,Chondrichthyes,NA,Rajiformes,NA,NA,NA,Rhinobatidae,Platyrhinoidis,triseriata,NA,0,0,0,0,0,0,0,0
135,90,EPB,181,1,adult,135.1,Specklefin Midshipman,fish,taxon,Species,NA,feeding,free-living,free-living,predator,NA,intermediate,resident,NA,0.34220665,NA,2,population,individuals encountered during the random sampling described in Kuris et al. (2008),17.45,41.1708631,5.00078992,0.0059714,0.01408894,5.00078992,"quantification, estuary-wide sampling",Kuris et al. (2008),Animalia,Chordata,Vertebrata,NA,Osteichthyes,NA,Batrachoidiformes,NA,NA,NA,Batrachoididae,Porichthys,myriaster,NA,0,0,0,0,0,0,0,0
136,91,EPB,182,1,adult,136.1,Shadow Goby,fish,taxon,Species,NA,feeding,free-living,free-living,predator,NA,low,resident,NA,0.42900956,NA,4,population,individuals encountered during the random sampling described in Kuris et al. (2008),48.59,122.988199,5.0000006,0.01572,0.03965864,5.00000134,"quantification, estuary-wide sampling",Kuris et al. (2008),Animalia,Chordata,Vertebrata,NA,Osteichthyes,NA,Perciformes,NA,NA,NA,Gobiidae,Quietula,y-cauda,NA,0,0,0,0,0,0,0,0
137,92,EPB,183,1,adult,137.1,Shovelnose Guitarfish,elasmobranch,taxon,Species,NA,feeding,free-living,free-living,predator,NA,high,resident,NA,2048,NA,NA,species,applied L to W regressions (FishBase) to estimates on general L of species in estuaries,NA,NA,NA,0.3326353,NA,NA,"quantification, limited sampling",body weight multiplied by abundance estimates from Rosales Casi‡n (1997),Animalia,Chordata,Vertebrata,NA,Chondrichthyes,NA,Rajiformes,NA,NA,NA,Rhinobatidae,Rhinobatos,productus,NA,0,0,0,0,0,0,0,0
140,93,EPB,186,1,adult,140.1,Haller's Round Ray,elasmobranch,taxon,Species,NA,feeding,free-living,free-living,predator,NA,high,resident,NA,467.2,NA,NA,species,applied L to W regressions (FishBase) to estimates on general L of species in estuaries,NA,NA,NA,0.2529414,NA,NA,"quantification, limited sampling",body weight multiplied by abundance estimates from Rosales Casi‡n (1997),Animalia,Chordata,Vertebrata,NA,Chondrichthyes,NA,Rajiformes,NA,NA,NA,Urolophidae,Urolophus,halleri,NA,0,0,0,0,0,0,0,0
141,94,EPB,187,1,adult,141.1,American Avocet,bird,taxon,Species,NA,feeding,free-living,free-living,predator,NA,high,migrant,NA,304.3,NA,NA,species,"literature (generally the Birds of North America series (Poole & Gill, eds 1992-2003) or Sibley 2003)",0.04,0.38541215,22,0.0117918,0.11728092,22,"quantification, estuary-wide sampling",Kuris et al. (2008),Animalia,Chordata,Vertebrata,NA,Aves,NA,Charadriiformes,NA,NA,NA,Recurvirostridae,Recurvirostra,americana,NA,0,0,0,0,0,0,0,0
142,95,EPB,188,1,adult,142.1,American Bittern,bird,taxon,Species,NA,feeding,free-living,free-living,predator,NA,high,migrant,NA,700,NA,NA,species,"literature (generally the Birds of North America series (Poole & Gill, eds 1992-2003) or Sibley 2003)",0.01,0.03803739,22,0.0038751,0.02662617,22,"quantification, estuary-wide sampling",Kuris et al. (2008),Animalia,Chordata,Vertebrata,NA,Aves,NA,Ciconiiformes,NA,NA,NA,Ardeidae,Botaurus,lentiginosus,NA,0,0,0,0,0,0,0,0
145,96,EPB,191,1,adult,145.1,American Wigeon,bird,taxon,Species,NA,feeding,free-living,free-living,predator,NA,high,migrant,NA,780,NA,NA,species,"literature (generally the Birds of North America series (Poole & Gill, eds 1992-2003) or Sibley 2003)",1.04,4.38762321,22,0.8117714,3.42234611,22,"quantification, estuary-wide sampling",Kuris et al. (2008),Animalia,Chordata,Vertebrata,NA,Aves,NA,Anseriformes,NA,NA,NA,Anatidae,Anas,americana,NA,0,0,0,0,0,0,0,0
146,97,EPB,192,1,adult,146.1,Black-bellied Plover,bird,taxon,Species,NA,feeding,free-living,free-living,predator,NA,high,resident,NA,225.5,NA,NA,species,"literature (generally the Birds of North America series (Poole & Gill, eds 1992-2003) or Sibley 2003)",0.16,0.53536218,22,0.0362014,0.12072417,22,"quantification, estuary-wide sampling",Kuris et al. (2008),Animalia,Chordata,Vertebrata,NA,Aves,NA,Charadriiformes,NA,NA,NA,Chardridae,Pluvialis,squatarola,NA,0,0,0,0,0,0,0,0
147,98,EPB,193,1,adult,147.1,Black-crowned Night Heron,bird,taxon,Species,NA,feeding,free-living,free-living,predator,NA,high,migrant,NA,869.6,NA,NA,species,"literature (generally the Birds of North America series (Poole & Gill, eds 1992-2003) or Sibley 2003)",0.15,0.87969227,22,0.1293747,0.7649804,22,"quantification, estuary-wide sampling",Kuris et al. (2008),Animalia,Chordata,Vertebrata,NA,Aves,NA,Ciconiiformes,NA,NA,NA,Ardeidae,Nycticorax,nycticorax,NA,0,0,0,0,0,0,0,0
149,99,EPB,195,1,adult,149.1,Black Skimmer,bird,taxon,Species,NA,feeding,free-living,free-living,predator,NA,high,migrant,NA,326.5,NA,NA,species,"literature (generally the Birds of North America series (Poole & Gill, eds 1992-2003) or Sibley 2003)",0.01,0.05505888,22,0.0018074,0.01797672,22,"quantification, estuary-wide sampling",Kuris et al. (2008),Animalia,Chordata,Vertebrata,NA,Aves,NA,Charadriiformes,NA,NA,NA,Laridae,Rhynchops,niger,NA,0,0,0,0,0,0,0,0
150,100,EPB,196,1,adult,150.1,Black Turnstone,bird,taxon,Species,NA,feeding,free-living,free-living,predator,NA,high,migrant,NA,121.25,NA,NA,species,"literature (generally the Birds of North America series (Poole & Gill, eds 1992-2003) or Sibley 2003)",0.03,0.33035327,22,0.0040273,0.04005533,22,"quantification, estuary-wide sampling",Kuris et al. (2008),Animalia,Chordata,Vertebrata,NA,Aves,NA,Charadriiformes,NA,NA,NA,Scolopacidae,Arenaria,melanocephala,NA,0,0,0,0,0,0,0,0
152,101,EPB,198,1,adult,152.1,Brant,bird,taxon,Species,NA,feeding,free-living,free-living,predator,NA,high,migrant,NA,1457.5,NA,NA,species,"literature (generally the Birds of North America series (Poole & Gill, eds 1992-2003) or Sibley 2003)",0.02,0.11411216,22,0.0242053,0.16631847,22,"quantification, estuary-wide sampling",Kuris et al. (2008),Animalia,Chordata,Vertebrata,NA,Aves,NA,Anseriformes,NA,NA,NA,Anatidae,Branta,bernicla,NA,0,0,0,0,0,0,0,0
153,102,EPB,199,1,adult,153.1,Brown Pelican,bird,taxon,Species,NA,feeding,free-living,free-living,predator,NA,high,migrant,NA,3057,NA,NA,species,"literature (generally the Birds of North America series (Poole & Gill, eds 1992-2003) or Sibley 2003)",0,0.02752944,22,0.0084615,0.08415749,22,"quantification, estuary-wide sampling",Kuris et al. (2008),Animalia,Chordata,Vertebrata,NA,Aves,NA,Pelicaniformes,NA,NA,NA,Pelicanidae,Pelecanus,occidentalis,NA,0,0,0,0,0,0,0,0
154,103,EPB,200,1,adult,154.1,Bufflehead,bird,taxon,Species,NA,feeding,free-living,free-living,predator,NA,high,migrant,NA,401,NA,NA,species,"literature (generally the Birds of North America series (Poole & Gill, eds 1992-2003) or Sibley 2003)",0.08,0.66127982,22,0.031078,0.26517321,22,"quantification, estuary-wide sampling",Kuris et al. (2008),Animalia,Chordata,Vertebrata,NA,Aves,NA,Anseriformes,NA,NA,NA,Anatidae,Bucephala,albeola,NA,0,0,0,0,0,0,0,0
157,104,EPB,203,1,adult,157.1,California Gull,bird,taxon,Species,NA,feeding,free-living,free-living,predator,NA,high,migrant,NA,738,NA,NA,species,"literature (generally the Birds of North America series (Poole & Gill, eds 1992-2003) or Sibley 2003)",NA,NA,NA,NA,NA,NA,NA,NA,Animalia,Chordata,Vertebrata,NA,Aves,NA,Charadriiformes,NA,NA,NA,Laridae,Larus,californicus,NA,0,0,0,0,0,0,0,0
158,105,EPB,204,1,adult,158.1,Caspian Tern,bird,taxon,Species,NA,feeding,free-living,free-living,predator,NA,high,resident,NA,655.5,NA,NA,species,"literature (generally the Birds of North America series (Poole & Gill, eds 1992-2003) or Sibley 2003)",0.01,0.0604281,22,0.0054431,0.03961062,22,"quantification, estuary-wide sampling",Kuris et al. (2008),Animalia,Chordata,Vertebrata,NA,Aves,NA,Charadriiformes,NA,NA,NA,Laridae,Sterna,caspia,NA,0,0,0,0,0,0,0,0
159,106,EPB,205,1,adult,159.1,Cinnamon Teal,bird,taxon,Species,NA,feeding,free-living,free-living,predator,NA,high,migrant,NA,359,NA,NA,species,"literature (generally the Birds of North America series (Poole & Gill, eds 1992-2003) or Sibley 2003)",0.1,0.85550905,22,0.0347787,0.30712775,22,"quantification, estuary-wide sampling",Kuris et al. (2008),Animalia,Chordata,Vertebrata,NA,Aves,NA,Anseriformes,NA,NA,NA,Anatidae,Anas,cyanoptera,NA,0,0,0,0,0,0,0,0
160,107,EPB,206,1,adult,160.1,Clapper Rail,bird,taxon,Species,NA,feeding,free-living,free-living,predator,NA,high,resident,NA,289.15,NA,NA,species,"literature (generally the Birds of North America series (Poole & Gill, eds 1992-2003) or Sibley 2003)",0.1,0.38185963,22,0.028212,0.11041471,22,"quantification, estuary-wide sampling",Kuris et al. (2008),Animalia,Chordata,Vertebrata,NA,Aves,NA,Gruiformes,NA,NA,NA,Rallidae,Rallus,longirostrus,NA,0,0,0,0,0,0,0,0
164,108,EPB,210,1,adult,164.1,Dunlin,bird,taxon,Species,NA,feeding,free-living,free-living,predator,NA,high,migrant,NA,51.45,NA,NA,species,"literature (generally the Birds of North America series (Poole & Gill, eds 1992-2003) or Sibley 2003)",0.14,0.87324397,22,0.0074053,0.0449284,22,"quantification, estuary-wide sampling",Kuris et al. (2008),Animalia,Chordata,Vertebrata,NA,Aves,NA,Charadriiformes,NA,NA,NA,Scolopacidae,Calidris,alpina,NA,0,0,0,0,0,0,0,0
165,109,EPB,211,1,adult,165.1,Eared Grebe,bird,taxon,Species,NA,feeding,free-living,free-living,predator,NA,high,migrant,NA,397.5,NA,NA,species,"literature (generally the Birds of North America series (Poole & Gill, eds 1992-2003) or Sibley 2003)",0.03,0.11889853,22,0.0101772,0.04726216,22,"quantification, estuary-wide sampling",Kuris et al. (2008),Animalia,Chordata,Vertebrata,NA,Aves,NA,Podicipediformes,NA,NA,NA,Podicipedidae,Podiceps,nigricollis,NA,0,0,0,0,0,0,0,0
167,110,EPB,213,1,adult,167.1,Forster's Tern,bird,taxon,Species,NA,feeding,free-living,free-living,predator,NA,high,migrant,NA,158,NA,NA,species,"literature (generally the Birds of North America series (Poole & Gill, eds 1992-2003) or Sibley 2003)",0.01,0.05116734,22,0.0017493,0.00808444,22,"quantification, estuary-wide sampling",Kuris et al. (2008),Animalia,Chordata,Vertebrata,NA,Aves,NA,Charadriiformes,NA,NA,NA,Laridae,Sterna,forsteri,NA,0,0,0,0,0,0,0,0
168,111,EPB,214,1,adult,168.1,Great Blue Heron,bird,taxon,Species,NA,feeding,free-living,free-living,predator,NA,high,resident,NA,2400,NA,NA,species,"literature (generally the Birds of North America series (Poole & Gill, eds 1992-2003) or Sibley 2003)",0.04,0.11835403,22,0.1029661,0.28404968,22,"quantification, estuary-wide sampling",Kuris et al. (2008),Animalia,Chordata,Vertebrata,NA,Aves,NA,Ciconiiformes,NA,NA,NA,Ardeidae,Ardea,herodius,NA,0,0,0,0,0,0,0,0
169,112,EPB,215,1,adult,169.1,Great Egret,bird,taxon,Species,NA,feeding,free-living,free-living,predator,NA,high,migrant,NA,873.5,NA,NA,species,"literature (generally the Birds of North America series (Poole & Gill, eds 1992-2003) or Sibley 2003)",0.08,0.27852887,22,0.0676974,0.24329497,22,"quantification, estuary-wide sampling",Kuris et al. (2008),Animalia,Chordata,Vertebrata,NA,Aves,NA,Ciconiiformes,NA,NA,NA,Ardeidae,Egretta,alba,NA,0,0,0,0,0,0,0,0
172,113,EPB,218,1,adult,172.1,Greater Yellowlegs,bird,taxon,Species,NA,feeding,free-living,free-living,predator,NA,high,resident,NA,165,NA,NA,species,"literature (generally the Birds of North America series (Poole & Gill, eds 1992-2003) or Sibley 2003)",0.04,0.1670431,22,0.0068506,0.02756211,22,"quantification, estuary-wide sampling",Kuris et al. (2008),Animalia,Chordata,Vertebrata,NA,Aves,NA,Charadriiformes,NA,NA,NA,Scolopacidae,Tringa,melanoleuca,NA,0,0,0,0,0,0,0,0
173,114,EPB,219,1,adult,173.1,Green-winged Teal,bird,taxon,Species,NA,feeding,free-living,free-living,predator,NA,high,migrant,NA,338,NA,NA,species,"literature (generally the Birds of North America series (Poole & Gill, eds 1992-2003) or Sibley 2003)",0.84,4.67264539,22,0.2825367,1.57935414,22,"quantification, estuary-wide sampling",Kuris et al. (2008),Animalia,Chordata,Vertebrata,NA,Aves,NA,Anseriformes,NA,NA,NA,Anatidae,Anas,crecca,NA,0,0,0,0,0,0,0,0
174,115,EPB,220,1,adult,174.1,Killdeer,bird,taxon,Species,NA,feeding,free-living,free-living,predator,NA,high,migrant,NA,95,NA,NA,species,"literature (generally the Birds of North America series (Poole & Gill, eds 1992-2003) or Sibley 2003)",0.04,0.30307257,22,0.0034841,0.02879189,22,"quantification, estuary-wide sampling",Kuris et al. (2008),Animalia,Chordata,Vertebrata,NA,Aves,NA,Charadriiformes,NA,NA,NA,Chardridae,Chardrius,vociferus,NA,0,0,0,0,0,0,0,0
175,116,EPB,221,1,adult,175.1,Long-billed Curlew,bird,taxon,Species,NA,feeding,free-living,free-living,predator,NA,high,resident,NA,754.5,NA,NA,species,"literature (generally the Birds of North America series (Poole & Gill, eds 1992-2003) or Sibley 2003)",0.77,2.159571,22,0.5842256,1.62939632,22,"quantification, estuary-wide sampling",Kuris et al. (2008),Animalia,Chordata,Vertebrata,NA,Aves,NA,Charadriiformes,NA,NA,NA,Scolopacidae,Numenius,americanus,NA,0,0,0,0,0,0,0,0
178,117,EPB,224,1,adult,178.1,Least Sandpiper,bird,taxon,Species,NA,feeding,free-living,free-living,predator,NA,high,migrant,NA,20.9,NA,NA,species,"literature (generally the Birds of North America series (Poole & Gill, eds 1992-2003) or Sibley 2003)",1.01,5.38073943,22,0.0210571,0.11245745,22,"quantification, estuary-wide sampling",Kuris et al. (2008),Animalia,Chordata,Vertebrata,NA,Aves,NA,Charadriiformes,NA,NA,NA,Scolopacidae,Calidris,minutilla,NA,0,0,0,0,0,0,0,0
179,118,EPB,225,1,adult,179.1,Lesser Scaup,bird,taxon,Species,NA,feeding,free-living,free-living,predator,NA,high,migrant,NA,773.5,NA,NA,species,"literature (generally the Birds of North America series (Poole & Gill, eds 1992-2003) or Sibley 2003)",0.01,0.05505888,22,0.004282,0.04258804,22,"quantification, estuary-wide sampling",Kuris et al. (2008),Animalia,Chordata,Vertebrata,NA,Aves,NA,Anseriformes,NA,NA,NA,Anatidae,Athya,affinis,NA,0,0,0,0,0,0,0,0
180,119,EPB,226,1,adult,180.1,Least Tern,bird,taxon,Species,NA,feeding,free-living,free-living,predator,NA,high,migrant,NA,48.1,NA,NA,species,"literature (generally the Birds of North America series (Poole & Gill, eds 1992-2003) or Sibley 2003)",NA,NA,NA,0.0006657,NA,NA,"quantification, estuary-wide sampling",Kuris et al. (2008); only present in summer,Animalia,Chordata,Vertebrata,NA,Aves,NA,Charadriiformes,NA,NA,NA,Laridae,Sterna,antillarum,NA,0,0,0,0,0,0,0,0
181,120,EPB,227,1,adult,181.1,Marbled Godwit,bird,taxon,Species,NA,feeding,free-living,free-living,predator,NA,high,migrant,NA,367.5,NA,NA,species,"literature (generally the Birds of North America series (Poole & Gill, eds 1992-2003) or Sibley 2003)",1.5,9.77833694,22,0.5495452,3.59353883,22,"quantification, estuary-wide sampling",Kuris et al. (2008),Animalia,Chordata,Vertebrata,NA,Aves,NA,Charadriiformes,NA,NA,NA,Scolopacidae,Limosa,fedoa,NA,0,0,0,0,0,0,0,0
182,121,EPB,228,1,adult,182.1,Mallard,bird,taxon,Species,NA,feeding,free-living,free-living,predator,NA,high,migrant,NA,1186.5,NA,NA,species,"literature (generally the Birds of North America series (Poole & Gill, eds 1992-2003) or Sibley 2003)",0.47,2.69982517,22,0.5615845,3.20334257,22,"quantification, estuary-wide sampling",Kuris et al. (2008),Animalia,Chordata,Vertebrata,NA,Aves,NA,Anseriformes,NA,NA,NA,Anatidae,Anas,platyrhynchos,NA,0,0,0,0,0,0,0,0
184,122,EPB,230,1,adult,184.1,Northern Harrier,bird,taxon,Species,NA,feeding,free-living,free-living,predator,NA,high,migrant,NA,424.5,NA,NA,species,"literature (generally the Birds of North America series (Poole & Gill, eds 1992-2003) or Sibley 2003)",0.01,0.03803739,22,0.00235,0.01614687,22,"quantification, estuary-wide sampling",Kuris et al. (2008),Animalia,Chordata,Vertebrata,NA,Aves,NA,Falconiformes,NA,NA,NA,Accipitridae,Circus,cyanus,NA,0,0,0,0,0,0,0,0
186,123,EPB,232,1,adult,186.1,Osprey,bird,taxon,Species,NA,feeding,free-living,free-living,predator,NA,high,resident,NA,1650,NA,NA,species,"literature (generally the Birds of North America series (Poole & Gill, eds 1992-2003) or Sibley 2003)",0.02,0.09092674,22,0.0274023,0.15002913,22,"quantification, estuary-wide sampling",Kuris et al. (2008),Animalia,Chordata,Vertebrata,NA,Aves,NA,Falconiformes,NA,NA,NA,Accipitridae,Pandion,haliaetus,NA,0,0,0,0,0,0,0,0
189,124,EPB,235,1,adult,189.1,Ring-billed Gull,bird,taxon,Species,NA,feeding,free-living,free-living,predator,NA,high,migrant,NA,518.5,NA,NA,species,"literature (generally the Birds of North America series (Poole & Gill, eds 1992-2003) or Sibley 2003)",0.05,0.36603779,22,0.0283444,0.1897906,22,"quantification, estuary-wide sampling",Kuris et al. (2008),Animalia,Chordata,Vertebrata,NA,Aves,NA,Charadriiformes,NA,NA,NA,Laridae,Larus,delawarensis,NA,0,0,0,0,0,0,0,0
190,125,EPB,236,1,adult,190.1,Red-breasted Merganser,bird,taxon,Species,NA,feeding,free-living,free-living,predator,NA,high,migrant,NA,1040.5,NA,NA,species,"literature (generally the Birds of North America series (Poole & Gill, eds 1992-2003) or Sibley 2003)",0.01,0.08258832,22,0.00864,0.08593314,22,"quantification, estuary-wide sampling",Kuris et al. (2008),Animalia,Chordata,Vertebrata,NA,Aves,NA,Anseriformes,NA,NA,NA,Anatidae,Mergus,serrator,NA,0,0,0,0,0,0,0,0
191,126,EPB,237,1,adult,191.1,Reddish Egret,bird,taxon,Species,NA,feeding,free-living,free-living,predator,NA,high,resident,NA,613.5,NA,NA,species,"literature (generally the Birds of North America series (Poole & Gill, eds 1992-2003) or Sibley 2003)",0.02,0.07140307,22,0.0101887,0.04380578,22,"quantification, estuary-wide sampling",Kuris et al. (2008),Animalia,Chordata,Vertebrata,NA,Aves,NA,Ciconiiformes,NA,NA,NA,Ardeidae,Egretta,rufescens,NA,0,0,0,0,0,0,0,0
195,127,EPB,241,1,adult,195.1,Ruddy Turnstone,bird,taxon,Species,NA,feeding,free-living,free-living,predator,NA,high,migrant,NA,107,NA,NA,species,"literature (generally the Birds of North America series (Poole & Gill, eds 1992-2003) or Sibley 2003)",NA,NA,NA,0.0007404,NA,NA,"quantification, estuary-wide sampling",Kuris et al. (2008); only present in summer,Animalia,Chordata,Vertebrata,NA,Aves,NA,Charadriiformes,NA,NA,NA,Scolopacidae,Arenaria,intepres,NA,0,0,0,0,0,0,0,0
196,128,EPB,242,1,adult,196.1,Short-billed Dowitcher,bird,taxon,Species,NA,feeding,free-living,free-living,predator,NA,high,resident,NA,110,NA,NA,species,"literature (generally the Birds of North America series (Poole & Gill, eds 1992-2003) or Sibley 2003)",0.09,0.51268226,22,0.010352,0.05639505,22,"quantification, estuary-wide sampling",Kuris et al. (2008),Animalia,Chordata,Vertebrata,NA,Aves,NA,Charadriiformes,NA,NA,NA,Scolopacidae,Limnodromus,griseus,NA,0,0,0,0,0,0,0,0
197,129,EPB,243,1,adult,197.1,Semipalmated Plover,bird,taxon,Species,NA,feeding,free-living,free-living,predator,NA,high,migrant,NA,46.95,NA,NA,species,"literature (generally the Birds of North America series (Poole & Gill, eds 1992-2003) or Sibley 2003)",0.07,0.47711277,22,0.0035087,0.02240044,22,"quantification, estuary-wide sampling",Kuris et al. (2008),Animalia,Chordata,Vertebrata,NA,Aves,NA,Charadriiformes,NA,NA,NA,Chardridae,Charadrius,semipalmatus,NA,0,0,0,0,0,0,0,0
198,130,EPB,244,1,adult,198.1,Snowy Egret,bird,taxon,Species,NA,feeding,free-living,free-living,predator,NA,high,resident,NA,369,NA,NA,species,"literature (generally the Birds of North America series (Poole & Gill, eds 1992-2003) or Sibley 2003)",0.04,0.14026574,22,0.0165971,0.05175806,22,"quantification, estuary-wide sampling",Kuris et al. (2008),Animalia,Chordata,Vertebrata,NA,Aves,NA,Ciconiiformes,NA,NA,NA,Ardeidae,Egretta,thula,NA,0,0,0,0,0,0,0,0
199,131,EPB,245,1,adult,199.1,Snowy Plover,bird,taxon,Species,NA,feeding,free-living,free-living,predator,NA,high,migrant,NA,41.2,NA,NA,species,"literature (generally the Birds of North America series (Poole & Gill, eds 1992-2003) or Sibley 2003)",0.04,0.3434416,22,0.0018246,0.01414979,22,"quantification, estuary-wide sampling",Kuris et al. (2008),Animalia,Chordata,Vertebrata,NA,Aves,NA,Charadriiformes,NA,NA,NA,Chardridae,Charadrius,alexandrinius,NA,0,0,0,0,0,0,0,0
200,132,EPB,246,1,adult,200.1,Sora,bird,taxon,Species,NA,feeding,free-living,free-living,predator,NA,high,migrant,NA,79.5,NA,NA,species,"literature (generally the Birds of North America series (Poole & Gill, eds 1992-2003) or Sibley 2003)",0.01,0.03803739,22,0.0004401,0.00302397,22,"quantification, estuary-wide sampling",Kuris et al. (2008),Animalia,Chordata,Vertebrata,NA,Aves,NA,Gruiformes,NA,NA,NA,Rallidae,Porzana,carolina,NA,0,0,0,0,0,0,0,0
203,133,EPB,249,1,adult,203.1,Tricolored Heron,bird,taxon,Species,NA,feeding,free-living,free-living,predator,NA,high,migrant,NA,415,NA,NA,species,"literature (generally the Birds of North America series (Poole & Gill, eds 1992-2003) or Sibley 2003)",0.02,0.09277852,22,0.0071793,0.03850308,22,"quantification, estuary-wide sampling",Kuris et al. (2008),Animalia,Chordata,Vertebrata,NA,Aves,NA,Ciconiiformes,NA,NA,NA,Ardeidae,Egretta,tricolor,NA,0,0,0,0,0,0,0,0
205,134,EPB,251,1,adult,205.1,Western Grebe,bird,taxon,Species,NA,feeding,free-living,free-living,predator,NA,high,migrant,NA,1314,NA,NA,species,"literature (generally the Birds of North America series (Poole & Gill, eds 1992-2003) or Sibley 2003)",0.01,0.1032354,22,0.0136389,0.13565131,22,"quantification, estuary-wide sampling",Kuris et al. (2008),Animalia,Chordata,Vertebrata,NA,Aves,NA,Podicipediformes,NA,NA,NA,Podicipedidae,Aechmophorus,occidentalis,NA,0,0,0,0,0,0,0,0
206,135,EPB,252,1,adult,206.1,Western Gull,bird,taxon,Species,NA,feeding,free-living,free-living,predator,NA,high,migrant,NA,875,NA,NA,species,"literature (generally the Birds of North America series (Poole & Gill, eds 1992-2003) or Sibley 2003)",0.1,0.83949402,22,0.0896109,0.73455727,22,"quantification, estuary-wide sampling",Kuris et al. (2008),Animalia,Chordata,Vertebrata,NA,Aves,NA,Charadriiformes,NA,NA,NA,Laridae,Larus,occidentalis,NA,0,0,0,0,0,0,0,0
207,136,EPB,253,1,adult,207.1,Western Sandpiper,bird,taxon,Species,NA,feeding,free-living,free-living,predator,NA,high,migrant,NA,24.2,NA,NA,species,"literature (generally the Birds of North America series (Poole & Gill, eds 1992-2003) or Sibley 2003)",0.23,1.57016561,22,0.0054926,0.03799801,22,"quantification, estuary-wide sampling",Kuris et al. (2008),Animalia,Chordata,Vertebrata,NA,Aves,NA,Charadriiformes,NA,NA,NA,Scolopacidae,Calidris,mauri,NA,0,0,0,0,0,0,0,0
208,137,EPB,254,1,adult,208.1,Whimbrel,bird,taxon,Species,NA,feeding,free-living,free-living,predator,NA,high,migrant,NA,404,NA,NA,species,"literature (generally the Birds of North America series (Poole & Gill, eds 1992-2003) or Sibley 2003)",0.01,0.07918113,22,0.0055912,0.03198918,22,"quantification, estuary-wide sampling",Kuris et al. (2008),Animalia,Chordata,Vertebrata,NA,Aves,NA,Charadriiformes,NA,NA,NA,Scolopacidae,Numenius,phaeopus,NA,0,0,0,0,0,0,0,0
209,138,EPB,255,1,adult,209.1,Willet,bird,taxon,Species,NA,feeding,free-living,free-living,predator,NA,high,migrant,NA,270,NA,NA,species,"literature (generally the Birds of North America series (Poole & Gill, eds 1992-2003) or Sibley 2003)",2.16,18.5992274,22,0.5823604,5.0217914,22,"quantification, estuary-wide sampling",Kuris et al. (2008),Animalia,Chordata,Vertebrata,NA,Aves,NA,Charadriiformes,NA,NA,NA,Scolopacidae,Catoptrophorus,semipalmatus,NA,0,0,0,0,0,0,0,0
211,139,EPB,257,1,adult,211.1,copepod-thalassinidean,copepod,taxon,Family,likely two species,feeding,commensal,commensal,predator,NA,NA,NA,NA,0.00011485,NA,NA,approximation,mean volumetric across two Hemicyclops spp in literature,NA,NA,NA,NA,NA,NA,NA,NA,Animalia,Arthropoda,Crustacea,NA,Copepoda,NA,Cyclopoida,NA,NA,NA,Clausidiidae,NA,NA,NA,0,0,0,0,0,0,0,0
350,140,CSM,,,,,,Wave Attenuation,ES,service,,service,service,,,ES,,,,,,,,,,,,,,,,,,,,,,,,,,,,,,,,,,,,,,
450,141,CSM,,,,,,Shoreline Stabilization,ES,service,,service,service,,,ES,,,,,,,,,,,,,,,,,,,,,,,,,,,,,,,,,,,,,,
550,142,CSM,,,,,,Carbon Sequestration,ES,service,,service,service,,,ES,,,,,,,,,,,,,,,,,,,,,,,,,,,,,,,,,,,,,,
650,143,CSM,,,,,,Water Filtration,ES,service,,service,service,,,ES,,,,,,,,,,,,,,,,,,,,,,,,,,,,,,,,,,,,,,
750,144,CSM,,,,,,Fishery,ES,service,,service,service,,,ES,,,,,,,,,,,,,,,,,,,,,,,,,,,,,,,,,,,,,,
850,145,CSM,,,,,,Birdwatching,ES,service,,service,service,,,ES,,,,,,,,,,,,,,,,,,,,,,,,,,,,,,,,,,,,,,
950,146,CSM,,,,,,Waterfowl Hunting,ES,service,,service,service,,,ES,,,,,,,,,,,,,,,,,,,,,,,,,,,,,,,,,,,,,,
